"mitchell, john"
"sequist, lecia"
"dias-santagata, dora"
"digumarthy, subba"
"shaw, alice"
"heist, rebecca"
"temel, jennifer"
"wain, john"
"mark, eugene"
"lanuti, michael"
"mino-kenudson, mari"
"engelman, jeffrey"
"yeap, beow"
"costa, daniel"
"kobayashi, susumu"
"rodig, scott"
"chirieac, lucian"
"kwak, eunice"
"wright, alexi"
"mack, jennifer"
"balboni, tracy"
"mitchell, susan"
"jackson, vicki"
"block, susan"
"salic, adrian"
"mitchison, timothy"
"mitchell, richard"
"clark, jeffrey"
"jones, richard"
"givens, jane"
"kalaany, nada"
"garraway, levi"
"brachtel, elena"
"benes, cyril"
"barletta, justine"
"lindeman, neal"
"janne, pasi"
"johnson, bruce"
"ho, carolyn"
"seidman, christine"
"corcoran, ryan"
"flaherty, keith"
"hornick, jason"
"cohen, david"
"warshaw, andrew"
"lauwers, gregory"
"missmer, stacey"
"tworoger, shelley"
"spiegelman, donna"
"barbieri, robert"
"ramaswamy, sridhar"
"zukerberg, lawrence"
"bhan, atul"
"deshpande, vikram"
"brugge, william"
"colvin, robert"
"wong, kwok-kin"
"miller, david"
"ogino, shuji"
"meyerhardt, jeffrey"
"ferrone, cristina"
"dranoff, glenn"
"giovannucci, edward"
"fuchs, charles"
"rana, sarosh"
"hacker, michele"
"hess, philip"
"khankin, eliyahu"
"mitchell, caroline"
"finkelstein, dianne"
"anderson, carl"
"bredella, miriam"
"fazeli, pouneh"
"miller, karen"
"misra, madhusmita"
"torriani, martin"
"klibanski, anne"
"stone, james"
"funke, birgit"
"gerhard-herman, marie"
"nabel, elizabeth"
"lawson, elizabeth"
"grinspoon, steven"
"chang, yuchiao"
"sahani, dushyant"
"pitman, martha"
"sgroi, dennis"
"misdraji, joseph"
"srivastava, amitabh"
"lee, hang"
"lillemoe, keith"
"hahn, peter"
"minassian, vatche"
"milstone, david"
"suter, melissa"
"vakoc, benjamin"
"bouma, brett"
"nishioka, norman"
"tearney, guillermo"
"papakostas, george"
"mischoulon, david"
"alpert, jonathan"
"fava, maurizio"
"goldstein, mark"
"schoenfeld, david"
"eichler, april"
"plotkin, scott"
"kandel, ruth"
"vanderlaan, paul"
"iafrate, anthony"
"getz, gad"
"baer, lee"
"rota, marcello"
"givertz, michael"
"pfeffer, marc"
"irimia, daniel"
"toner, mehmet"
"yuan, junying"
"lahav, galit"
"petrozza, john"
"hauser, russ"
"wagle, nikhil"
"racowsky, catherine"
"ginsburg, elizabeth"
"mintzer, ira"
"eisenberg, mark"
"christiani, david"
"forcione, david"
"sorger, peter"
"weissleder, ralph"
"williams, mark"
"gee, michael"
"nimkin, katherine"
"israel, esther"
"harisinghani, mukesh"
"davis, roger"
"wilbur, david"
"duncan, lyn"
"faquin, william"
"ferry, judith"
"frosch, matthew"
"kradin, richard"
"louis, david"
"sohani, aliyah"
"tambouret, rosemary"
"wu, chin-lee"
"young, robert"
"le, long"
"lennerz, jochen"
"freeman, gordon"
"pittet, mikael"
"zheng, hui"
"pian-smith, may"
"minehart, rebecca"
"raemer, daniel"
"odze, robert"
"yagi, yukako"
"aikawa, masanori"
"libby, peter"
"evans, john"
"baer, heather"
"rich-edwards, janet"
"michels, karin"
"levy, harvey"
"waisbren, susan"
"chen, john"
"xavier, ramnik"
"swirski, filip"
"nahrendorf, matthias"
"min, le"
"becker, carolyn"
"matyal, robina"
"subramaniam, balachundhar"
"panzica, peter"
"sarwar, ammar"
"gupta, rajiv"
"hong, theodore"
"freeman, marlene"
"partridge, ann"
"chavarro, jorge"
"hornstein, mark"
"willett, walter"
"minden, sarah"
"narayanaswami, pushpa"
"benson, carol"
"goyal, raj"
"eddy, kamryn"
"huskamp, haiden"
"grabowski, david"
"metzger, eran"
"laufer, marc"
"novack, victor"
"sundar, eswar"
"bose, ruma"
"talmor, daniel"
"ackerman, kathryn"
"bouxsein, mary"
"sluss, patrick"
"gee, denise"
"rattner, david"
"dording, christina"
"farabaugh, amy"
"nierenberg, andrew"
"chung, daniel"
"schernhammer, eva"
"mishler, elliot"
"mizoguchi, emiko"
"corey, kathleen"
"chung, raymond"
"kwong, raymond"
"jerosch-herold, michael"
"goldsmith, jeffrey"
"hasserjian, robert"
"qiu, weiliang"
"cramer, daniel"
"steen, hanno"
"steen, judith"
"neilan, tomas"
"rosenzweig, anthony"
"das, saumya"
"karlson, elizabeth"
"jaklitsch, michael"
"sainani, nisha"
"blake, michael"
"terry, kathryn"
"poole, elizabeth"
"ryan, david"
"mamon, harvey"
"delaney, thomas"
"rosner, bernard"
"stanley, takara"
"levitsky, lynne"
"tanabe, kenneth"
"kim, arthur"
"lauer, georg"
"gargiulo, antonio"
"einarsson, jon"
"rhoads, david"
"liu, qin"
"grodstein, francine"
"ott, patrick"
"carroll, rona"
"kaiser, ursula"
"letai, anthony"
"mazitschek, ralph"
"fox, janis"
"putman, melissa"
"cohen, lee"
"bateman, brian"
"schwamm, lee"
"leffert, lisa"
"sholl, lynette"
"wu, hao"
"nazarian, rosalynn"
"walsh, john"
"maheswaran, shyamala"
"haber, daniel"
"stone, john"
"sharma, amita"
"gygi, steven"
"caravan, peter"
"sosnovik, david"
"fuchs, bryan"
"chan, yee-ming"
"martin, kathryn"
"hall, janet"
"seminara, stephanie"
"fletcher, christopher"
"ryan, louise"
"fawzi, wafaie"
"lieberman, ellice"
"chan, grace"
"eck, michael"
"gray, nathanael"
"zhao, jean"
"finkelstein, joel"
"shah, jagesh"
"kramer, daniel"
"buxton, alfred"
"josephson, mark"
"normand, sharon-lise"
"zimetbaum, peter"
"chen, lin"
"wright, cameron"
"gaissert, henning"
"mathisen, douglas"
"neumeyer, ann"
"biller, beverly"
"kirschner, marc"
"stott, shannon"
"miyamoto, david"
"lee, richard"
"isselbacher, kurt"
"blumberg, richard"
"richardson, paul"
"raje, noopur"
"avigan, david"
"ghobrial, irene"
"schlossman, robert"
"munshi, nikhil"
"joyce, robin"
"mitsiades, constantine"
"anderson, kenneth"
"mittleman, murray"
"steigner, michael"
"mitsouras, dimitrios"
"judy, philip"
"bardia, aditya"
"ting, david"
"lin, charles"
"blood, emily"
"glowacki, julie"
"mizuno, shuichi"
"moir, robert"
"tanzi, rudolph"
"rogers, jack"
"kirby, james"
"hyman, bradley"
"bradner, james"
"becerra, mercedes"
"keshavjee, salmaan"
"mitnick, carole"
"shin, sonya"
"rich, michael"
"fitzmaurice, garrett"
"franke, molly"
"fraser, hamish"
"hurtado, rocio"
"mukherjee, joia"
"kourembanas, stella"
"zhou, jing"
"modi, biren"
"duggan, christopher"
"puder, mark"
"stern, robert"
"carrasco, ruben"
"gold, diane"
"vitali, sally"
"dahl, douglas"
"smith, matthew"
"tompkins, ronald"
"griffin, james"
"haas, wilhelm"
"moazed, danesh"
"xie, zhongcong"
"culley, deborah"
"crosby, gregory"
"brown, jennifer"
"sattler, martin"
"deangelo, daniel"
"wadleigh, martha"
"stone, richard"
"ritz, jerome"
"aster, jon"
"frank, david"
"weinstock, david"
"kuter, david"
"wen, patrick"
"amato, anthony"
"schwartz, joel"
"bry, lynn"
"higgins, darren"
"lencer, wayne"
"marto, jarrod"
"mochida, ganeshwaran"
"folkerth, rebecca"
"walsh, christopher"
"coull, brent"
"koutrakis, petros"
"schlaug, gottfried"
"marshall, audrey"
"wilkins-haug, louise"
"brown, david"
"marx, gerald"
"mizrahi-arnaud, arielle"
"lock, james"
"tworetzky, wayne"
"treon, steven"
"adami, hans-olov"
"valdimarsdottir, unnur"
"marcantonio, edward"
"glynn, robert"
"fredenburgh, laura"
"kim, carla"
"moffitt, kristin"
"lu, ying-jie"
"malley, richard"
"motamedi, mohammad"
"jaksic, tom"
"kamin, daniel"
"baccarelli, andrea"
"wright, robert"
"perrella, mark"
"mochizuki, takatoshi"
"saper, clifford"
"laubach, jacob"
"lo, clifford"
"walz, thomas"
"suh, jaehong"
"mody, elinor"
"rivera, miguel"
"quan, stuart"
"redline, susan"
"reinecker, hans-christian"
"mody, maria"
"inouye, sharon"
"mukamal, kenneth"
"matulonis, ursula"
"sallan, stephen"
"silverman, lewis"
"hirsch, michelle"
"robins, james"
"hernan, miguel"
"stone, peter"
"horton, edward"
"schneeweiss, sebastian"
"murray, megan"
"wee, christina"
"mccarthy, ellen"
"rimm, eric"
"arrigoni, elda"
"lowell, bradford"
"scammell, thomas"
"shi, yujiang"
"shi, yang"
"pineda, roberto"
"robb, richard"
"hunter, david"
"zhou, li"
"gragoudas, evangelos"
"miller, joan"
"gutierrez, alejandro"
"frates, mary"
"feldman, henry"
"marqusee, ellen"
"alexander, erik"
"doubilet, peter"
"paltiel, harriet"
"kozakewich, harry"
"cibas, edmund"
"huang, stephen"
"spentzos, dimitrios"
"alterovitz, gil"
"libermann, towia"
"wilker, elissa"
"washko, george"
"hart, jaime"
"laden, francine"
"saylor, philip"
"walter, jolan"
"tsokos, george"
"hartwig, john"
"manis, john"
"geha, raif"
"snapper, scott"
"notarangelo, luigi"
"ingber, donald"
"buratowski, stephen"
"dockery, douglas"
"klerman, elizabeth"
"murphy, george"
"orgill, dennis"
"nguyen, deanna"
"kagan, jonathan"
"hacohen, nir"
"chen, yi-bin"
"milberg, william"
"lipsitz, lewis"
"peters, annette"
"haigis, kevin"
"zurakowski, david"
"bulich, linda"
"poduri, annapurna"
"yu, tim"
"zon, leonard"
"hohmann, elizabeth"
"hodin, richard"
"fuller, patrick"
"hernandez-diaz, sonia"
"ahlfors, seppo"
"tan, wen-hann"
"glader, laurie"
"parekkadan, biju"
"albert, christine"
"ruskin, jeremy"
"fauza, dario"
"speizer, frank"
"verrier, richard"
"zhang, can"
"moore, anna"
"blankstein, ron"
"khabbaz, kamal"
"liang, liming"
"stoler, joan"
"weinstein, amy"
"lai, michelle"
"kubzansky, laura"
"pillai, shiv"
"birmann, brenda"
"tamimi, rulla"
"phillips, russell"
"nurko, samuel"
"kovacs, dora"
"ware, james"
"clardy, jon"
"harris, matthew"
"moghari, mehdi"
"manning, warren"
"nezafat, reza"
"litonjua, augusto"
"oken, emily"
"gillman, matthew"
"spengler, john"
"ngo, long"
"christou, helen"
"wu, catherine"
"dorfman, david"
"pinkus, geraldine"
"buhrlage, sara"
"colan, steven"
"clouse, melvin"
"jonas, maureen"
"lillehei, craig"
"mulkern, robert"
"lee, edward"
"hatabu, hiroto"
"rosenblatt, jacalyn"
"hauser, thomas"
"bernstein, carolyn"
"burstein, rami"
"morgan, elizabeth"
"yeh, gloria"
"pomahac, bohdan"
"costenbader, karen"
"stampfer, meir"
"liang, matthew"
"vanderweele, tyler"
"wang, molin"
"field, alison"
"visner, gary"
"liu, hanzhong"
"preffer, frederic"
"farmer, paul"
"markianos, kyriacos"
"berry, sarah"
"solomon, daniel"
"kiel, douglas"
"harris, jay"
"buring, julie"
"loscalzo, joseph"
"ridker, paul"
"kaptchuk, ted"
"chasman, daniel"
"viswanathan, akila"
"lu, chunling"
"wang, shirley"
"goumnerova, liliana"
"zou, lee"
"zhou, shuanhu"
"scott, james"
"geva, tal"
"powell, andrew"
"shi, hai"
"soiffer, robert"
"luscinskas, francis"
"rosenthal, eric"
"ho, kalon"
"holmes, lewis"
"beard, clair"
"choueiri, toni"
"efstathiou, jason"
"martin, neil"
"sweeney, christopher"
"trinh, quoc-dien"
"beckman, joshua"
"nguyen, paul"
"kim, heung"
"mooney, david"
"vakili, khashayar"
"zhu, andrew"
"wang, rui"
"patel, sanjay"
"gerashchenko, dmitry"
"cohen, theodore"
"pagano, marcello"
"michor, franziska"
"hoffmann, udo"
"pierce, eric"
"picard, michael"
"phillips, andrew"
"saffitz, jeffrey"
"lee-lewandrowski, elizabeth"
"lewandrowski, kent"
"siegel, arthur"
"wood, malissa"
"weiner, rory"
"philip, beverly"
"gerszten, robert"
"kuter, irene"
"scherrer-crosbie, marielle"
"lewis, richard"
"williams, david"
"hildebrandt, friedhelm"
"baggish, aaron"
"wang, francis"
"holm, ingrid"
"bridgemohan, carolyn"
"picker, jonathan"
"schonwald, alison"
"urion, david"
"rappaport, leonard"
"gusella, james"
"wu, bai-lin"
"hanson, ellen"
"berry, gerard"
"engle, elizabeth"
"leclair, elaine"
"salomon, joshua"
"baernighausen, till"
"bloom, david"
"pier, gerald"
"walker, bruce"
"luster, andrew"
"tager, andrew"
"duffy, jeanne"
"czeisler, charles"
"harrild, david"
"gauvreau, kimberlee"
"pigula, frank"
"walsh, edward"
"purdon, patrick"
"harrell, priscilla"
"brown, emery"
"phillips, edward"
"graham, robert"
"ahn, andrew"
"xu, lei"
"piao, xianhua"
"maira-litran, tomas"
"brigl, manfred"
"brenner, michael"
"singh, jagmeet"
"mansour, moussa"
"mela, theofanie"
"agus, michael"
"steil, garry"
"wypij, david"
"sanborn, danita"
"sweeney, michael"
"macdonald, marcy"
"bloch, donald"
"collier, deborah"
"korzenik, joshua"
"hafler, david"
"paw, barry"
"mootha, vamsi"
"israel, elliot"
"phipatanakul, wanda"
"allen, joseph"
"rigotti, nancy"
"pradhan, aruna"
"buys, emmanuel"
"ichinose, fumito"
"weyman, arthur"
"solomon, scott"
"fisher, jonathan"
"schonberg, mara"
"wayne, peter"
"kalish, leslie"
"zusman, randall"
"stevenson, lynne"
"post, diana"
"connelly, maureen"
"bellinger, david"
"newburger, jane"
"menzies, nicolas"
"kussman, barry"
"soul, janet"
"dinardo, james"
"holmes, michelle"
"salvin, joshua"
"thiagarajan, ravi"
"golan, david"
"talkowski, michael"
"connolly, susan"
"morton, cynthia"
"newton-cheh, christopher"
"priebe, gregory"
"hudson, james"
"fynn-thompson, francis"
"hung, judy"
"kaneki, masao"
"liao, ronglih"
"goldmann, donald"
"chang, bernard"
"ellinor, patrick"
"shifren, jan"
"skurnik, david"
"russell, paul"
"sweetser, david"
"fulton, anne"
"wiggs, janey"
"baird, christopher"
"wachterman, melissa"
"waikar, sushrut"
"zapol, warren"
"garrett, wendy"
"fichorova, raina"
"graham, dionne"
"sandora, thomas"
"fifer, michael"
"palacios, igor"
"vlahakes, gus"
"burns, risa"
"lory, stephen"
"riley, laura"
"celi, ann"
"onderdonk, andrew"
"roberts, drucilla"
"johnson, lise"
"tsen, lawrence"
"philip, james"
"emani, sitaram"
"brownell, anna-liisa"
"jenkins, kathy"
"lacro, ronald"
"gaffin, jonathan"
"roberts, amy"
"roberts, david"
"sahin, mustafa"
"gerard, craig"
"silverman, edwin"
"weiss, scott"
"press, daniel"
"kong, jian"
"johnson, mark"
"parks, kimberly"
"moore, stephanie"
"lewis, gregory"
"gadjeva, mihaela"
"lee, jean"
"mekalanos, john"
"brugnara, carlo"
"ebert, benjamin"
"danial, nika"
"fleming, mark"
"rodig, nancy"
"schachter, steven"
"alper, seth"
"schneider, lynda"
"litmanovich, diana"
"boiselle, phillip"
"bankier, alexander"
"pianykh, oleg"
"raptopoulos, vassilios"
"levine, robert"
"peng, chung-kang"
"goldberger, ary"
"thomas, robert"
"phitayakorn, roy"
"bergersen, lisa"
"ciaranello, andrea"
"macgillivray, thomas"
"carbo, alexander"
"bates, david"
"martin, thomas"
"pieretti, rafael"
"goldstein, allan"
"coyle, joseph"
"boucher, charles"
"lange, christoph"
"bonmassar, giorgio"
"kwo, jean"
"deschler, daniel"
"phillippe, mark"
"spiegelman, bruce"
"cash, sydney"
"eskandar, emad"
"stevens, beth"
"kaza, aditya"
"allan, catherine"
"castelino, flavia"
"shahian, david"
"vargas, sara"
"mcadam, alexander"
"isselbacher, eric"
"almodovar, melvin"
"peterfreund, robert"
"scott, richard"
"mullen, mary"
"ozonoff, al"
"tess, anjala"
"iliopoulos, othon"
"whetstine, johnathan"
"sawicki, gregory"
"twarog, frank"
"young, michael"
"beroukhim, rebecca"
"choi, hyon"
"bauer, daniel"
"orkin, stuart"
"cantor, alan"
"gussoni, emanuela"
"sedaghat, ahmad"
"cunningham, michael"
"carroll, michael"
"pihan, german"
"asara, john"
"baron, david"
"saslowsky, david"
"hurley, bryan"
"barbesino, giuseppe"
"stephen, antonia"
"boussiotis, vassiliki"
"miller, michael"
"semigran, marc"
"cohen, laurie"
"levy, bruce"
"urman, richard"
"hill, kevin"
"sleeper, lynn"
"weinstock, peter"
"kreidberg, jordan"
"drummond, iain"
"otterbein, leo"
"odegard, kirsten"
"hochberg, ephraim"
"abramson, jeremy"
"ware, janice"
"goldman, rose"
"chatila, talal"
"ellner, andrew"
"rotenberg, alexander"
"zafonte, ross"
"gardner, roxane"
"fitzsimons, michael"
"fagenholz, peter"
"systrom, david"
"woolf, alan"
"freedman, arnold"
"fisher, david"
"jacobsen, eric"
"lacasce, ann"
"kim, young"
"armand, philippe"
"petrusa, emil"
"mullen, john"
"smink, douglas"
"scott-vernaglia, shannon"
"kent, tara"
"prakash, ashwin"
"geggel, robert"
"porras, diego"
"rajagopal, satish"
"teele, sarah"
"kuritzkes, daniel"
"degruttola, victor"
"bitton, asaf"
"landon, bruce"
"widrick, jeffrey"
"breitbart, roger"
"konstantinopoulos, panagiotis"
"yuan, xin"
"wulf, gerburg"
"lubitz, carrie"
"sadow, peter"
"parangi, sareh"
"truog, robert"
"meyer, elaine"
"hirschhorn, joel"
"beggs, alan"
"agrawal, pankaj"
"waldor, matthew"
"gonzalez-heydrich, joseph"
"pascual-leone, alvaro"
"gaz, randall"
"daniels, gilbert"
"darras, basil"
"shukla, avinash"
"buchmiller, terry"
"curry, michael"
"white, david"
"walker, janice"
"lewis, stanley"
"meireles, ozanan"
"rosenberg, paul"
"williams, michelle"
"cote, charles"
"kacmarek, robert"
"kulkarni, rohit"
"serwold, thomas"
"wagers, amy"
"armstrong, katrina"
"keating, nancy"
"audette, joseph"
"boswell, stephen"
"mehta, vipin"
"li, yunping"
"brown, robert"
"golden, jeffrey"
"edwards, keith"
"sordillo, joanne"
"channick, richard"
"bangsberg, david"
"kang, peter"
"kocher, olivier"
"byrne, thomas"
"rosow, carl"
"eikermann, matthias"
"mann, susan"
"nanji, karen"
"travison, thomas"
"vagefi, parsia"
"madsen, joren"
"smith, edward"
"ryan, daniel"
"samnaliev, mihail"
"adamkiewicz, gary"
"wu, justina"
"atlas, steven"
"weilburg, jeffrey"
"ferris, timothy"
"weinstein, milena"
"wakamatsu, may"
"bianchi, matt"
"lockley, steven"
"perez-rossello, jeannette"
"rosenthal, daniel"
"levine, wilton"
"gordon, james"
"daly, mark"
"ghoshhajra, brian"
"silver, julie"
"abrahamson, martin"
"sanders, stephen"
"lederer, james"
"walsh, brian"
"kheir, john"
"prabhu, sanjay"
"voss, stephan"
"berra, lorenzo"
"bittner, edward"
"ecker, jeffrey"
"kasper, ekkehard"
"walker, jennifer"
"aikawa, elena"
"platt, orah"
"altshuler, david"
"santangelo, susan"
"mempel, thorsten"
"pissios, pavlos"
"flier, jeffrey"
"maratos-flier, eleftheria"
"milad, mohammed"
"orr, scott"
"pitman, roger"
"rauch, scott"
"lasko, natasha"
"pizzagalli, diego"
"dillon, daniel"
"dougherty, darin"
"morrow, david"
"sabatine, marc"
"vinegoni, claudio"
"moskowitz, michael"
"kim, james"
"markmann, james"
"platt, richard"
"pinto, duane"
"laham, roger"
"cutlip, donald"
"antman, elliott"
"cannon, christopher"
"finkelstein, jonathan"
"morse, abraham"
"fischl, bruce"
"pleskow, douglas"
"greer, joseph"
"pirl, william"
"chuttani, ram"
"yokoe, deborah"
"jaffer, farouc"
"janes, amy"
"kaufman, marc"
"higgins, john"
"shenton, martha"
"kahn, barbara"
"evans, karleyton"
"lazar, sara"
"brown, jeffrey"
"toh, sengwee"
"tawakol, ahmed"
"nathan, david"
"josephson, lee"
"ligibel, jennifer"
"popma, jeffrey"
"lyons-ruth, karlen"
"sawhney, mandeep"
"aronson, mark"
"lee, grace"
"soumerai, stephen"
"jha, ashish"
"jurkunas, ula"
"dana, reza"
"klompas, michael"
"kleinman, kenneth"
"linnman, clas"
"goldstein, jill"
"kulldorff, martin"
"saltzman, john"
"mahadevan, anand"
"miksad, rebecca"
"callery, mark"
"shipp, margaret"
"pace-schott, edward"
"stickgold, robert"
"richards, william"
"lembo, anthony"
"mueller, peter"
"randolph, gregory"
"traeger, lara"
"park, elyse"
"brown, alphonso"
"holt, daphne"
"buss, mary"
"ullman, edward"
"greenberg, steven"
"qiu, le"
"perelman, lev"
"mahmood, umar"
"jacobsen, juliet"
"wald, lawrence"
"nagurney, john"
"perlis, roy"
"strymish, judith"
"elman, igor"
"lowen, steven"
"frederick, blaise"
"becerra, lino"
"dohlman, claes"
"chen, ming"
"farokhzad, omid"
"pliskin, joseph"
"ng, andrea"
"mauch, peter"
"wagner, anita"
"li, lingling"
"hsu, john"
"ross-degnan, dennis"
"pino, richard"
"knoechel, birgit"
"krop, ian"
"dillon, deborah"
"brock, jane"
"ciolino, joseph"
"chodosh, james"
"simon, steven"
"kenna, margaret"
"ozcan, umut"
"kokkotou, efi"
"huang, mary"
"weinstein, howard"
"losina, elena"
"katz, jeffrey"
"brown, dennis"
"breton, sylvie"
"donnino, michael"
"calderwood, michael"
"lee, hakho"
"croce, kevin"
"carey, vincent"
"kasper, dennis"
"berzin, tyler"
"barnett, sheila"
"anderson, richard"
"hooper, david"
"loda, massimo"
"ligon, azra"
"ligon, keith"
"golub, todd"
"winters, gayle"
"kane, robert"
"lipsitch, marc"
"weller, peter"
"walker, alexander"
"vangel, mark"
"vyas, jatin"
"lin, herbert"
"meloni, edward"
"bolshakov, vadim"
"platz, elke"
"shah, amil"
"goldhaber, samuel"
"breakefield, xandra"
"plank, rebeca"
"shapiro, roger"
"lockman, shahin"
"muriel, anna"
"greenberg, donna"
"schapira, lidia"
"zhang, fang"
"metlay, joshua"
"padera, robert"
"granter, scott"
"lewis, eldrin"
"uno, hajime"
"cheng, susan"
"ahnallen, christopher"
"levitt, james"
"powis, kathleen"
"recklitis, christopher"
"holsen, laura"
"shin, jennifer"
"ballen, karen"
"spitzer, thomas"
"graubert, timothy"
"dey, bimalangshu"
"casey, brenna"
"desai, akshay"
"sabin, james"
"liteplo, andrew"
"hurwitz, shelley"
"godleski, john"
"corson, joseph"
"cochrane, thomas"
"jones, daniel"
"yeh, robert"
"lukas, scott"
"perez-atayde, antonio"
"moore, cynthia"
"rauch, paula"
"kuo, frank"
"auerbach, randy"
"bijol, vanesa"
"rennke, helmut"
"guleria, indira"
"abdi, reza"
"chandraker, anil"
"pitts, sarah"
"tatli, servet"
"smith, felicia"
"fricchione, gregory"
"seton, margaret"
"pless, misha"
"fishman, jay"
"steere, allen"
"felsenstein, donna"
"gilman, jodi"
"hoeppner, bettina"
"jaff, michael"
"drachman, douglas"
"falchuk, kenneth"
"safren, steven"
"braun, ilana"
"mackool, bonnie"
"wilhelm, sabine"
"deckersbach, thilo"
"divasta, amy"
"noble, vicki"
"jo, vickie"
"lessell, simmons"
"kelleher, cassandra"
"scadden, david"
"lathan, christopher"
"koh, howard"
"baker, meghan"
"pedrelli, paola"
"geller, daniel"
"harris, nancy"
"perrimon, norbert"
"lewandowski, kathryn"
"ongur, dost"
"hall, mei-hua"
"plante, anne"
"wagner, andrew"
"wang, linda"
"anthony, robert"
"leffler, daniel"
"shields, helen"
"bhargava, parul"
"gautam, shiva"
"nadel, eric"
"kroshinsky, daniela"
"larocque, regina"
"buchbinder, bradley"
"medoff, benjamin"
"copen, william"
"mcmahon, colm"
"zigler, corwin"
"yun, seok-hyun"
"chen, yue"
"hughes, kevin"
"olson, david"
"wright, sharon"
"gold, howard"
"potter, david"
"chartoff, elena"
"doyle, leona"
"ahmed, muneeb"
"tseng, jennifer"
"gooding, holly"
"greve, douglas"
"shrier, lydia"
"muse, victorine"
"kharasch, sigmund"
"appelbaum, evan"
"brennan, brian"
"pozdnyakova, olga"
"yendiki, anastasia"
"donelan, karen"
"simon, naomi"
"wyers, mark"
"schermerhorn, marc"
"hollenberg, anthony"
"tung, nadine"
"weinberg, olga"
"miyawaki, edison"
"chittenden, eva"
"lee, daniel"
"oklu, rahmi"
"sheridan, robert"
"hirsch, joshua"
"kimberly, heidi"
"stone, michael"
"bhatt, deepak"
"chen, sherleen"
"mejia, nicte"
"polyak, kornelia"
"parmigiani, giovanni"
"karnoub, antoine"
"beroukhim, rameen"
"raychaudhuri, soumya"
"bass, adam"
"signoretti, sabina"
"fletcher, jonathan"
"nucera, carmelo"
"pomeroy, scott"
"lander, eric"
"meyerson, matthew"
"pochet, nathalie"
"batchelor, tracy"
"duda, dan"
"cahill, daniel"
"loeffler, jay"
"jain, rakesh"
"parker, leroy"
"garber, judy"
"schnitt, stuart"
"gelman, rebecca"
"friedman, david"
"pollak, martin"
"carter, scott"
"toker, alex"
"plutzky, jorge"
"pomerantz, mark"
"chan, jennifer"
"regan, meredith"
"shivdasani, ramesh"
"freedman, matthew"
"jones, david"
"roberts, thomas"
"hahn, william"
"dunn, ian"
"weremowicz, stanislawa"
"vidal, marc"
"reardon, david"
"gerstner, elizabeth"
"moses, marsha"
"wang, xin"
"fan, xing"
"robinson, shenandoah"
"santagata, sandro"
"macconaill, laura"
"kieran, mark"
"stiles, charles"
"lu, yi"
"edwards, robert"
"signorello, lisa"
"rebbeck, timothy"
"pellman, david"
"turchin, alexander"
"george, rani"
"stemmer-rachamimov, anat"
"padera, timothy"
"brown, myles"
"park, peter"
"joseph, robert"
"greenberg, michael"
"lehtinen, maria"
"bourgeois, blaise"
"black, peter"
"polley, daniel"
"birrer, michael"
"robson, caroline"
"donahoe, patricia"
"pober, barbara"
"reich, david"
"lichtman, andrew"
"kalpathy-cramer, jayashree"
"dietrich, jorg"
"rosen, bruce"
"jones, robin"
"pribaz, julian"
"eriksson, elof"
"carty, matthew"
"chun, yoon"
"sampson, christian"
"marty, francisco"
"tullius, stefan"
"sun, jennifer"
"king, george"
"manning, brendan"
"ramesh, vijaya"
"sever, sanja"
"pollock, nira"
"andronesi, ovidiu"
"pojoga, luminita"
"williams, gordon"
"adler, gail"
"pollack, william"
"hensch, takao"
"balk, steven"
"taplin, mary-ellen"
"kantoff, philip"
"brugge, joan"
"zhou, guangwei"
"poe, dennis"
"michel, thomas"
"denker, bradley"
"stossel, thomas"
"lee, chih-hao"
"rhee, eugene"
"steele, david"
"thadhani, ravi"
"greka, anna"
"mucci, lorelei"
"penney, kathryn"
"sukhova, galina"
"matthews, benjamin"
"brown, edward"
"pomerantsev, eugene"
"jang, ik-kyung"
"scott, deborah"
"yoshioka, jun"
"winer, eric"
"barry, william"
"kathiresan, sekar"
"mckenna, michael"
"harris, gordon"
"hamdy, osama"
"butovsky, oleg"
"krichevsky, anna"
"berry, james"
"cudkowicz, merit"
"weiner, howard"
"brady, thomas"
"karp, jeffrey"
"boyce, joshua"
"hornicek, francis"
"palmer, william"
"williams, ziv"
"poncelet, brigitte"
"kwiatkowski, david"
"lo, janet"
"looby, sara"
"robbins, gregory"
"recht, abram"
"hergrueter, charles"
"slavin, sumner"
"anandasabapathy, niroshana"
"quintana, francisco"
"chibnik, lori"
"meissner, alexander"
"cai, wenli"
"yoshida, hiroyuki"
"collins, laura"
"lev, michael"
"curhan, gary"
"mount, david"
"frangioni, john"
"bhan, ishir"
"chen, wendy"
"madsen, joseph"
"chan, annie"
"mcclatchey, andrea"
"bergin, ann"
"duffy, frank"
"loddenkemper, tobias"
"roe, eugene"
"takeoka, masanori"
"king, mary"
"berry, jay"
"nardell, edward"
"cichowski, karen"
"livingston, david"
"cernadas, manuela"
"shi, guo-ping"
"hotamisligil, gokhan"
"cataltepe, sule"
"beck, andrew"
"pulsifer, margaret"
"thibert, ronald"
"cole, andrew"
"thiele, elizabeth"
"ma, jing"
"schlondorff, johannes"
"mccarthy, jason"
"bhasin, manoj"
"lee, eudocia"
"balasubramanian, ravikumar"
"wang, zhigang"
"edge, albert"
"talbot, simon"
"mccarroll, steven"
"mcdermott, david"
"baldini, elizabeth"
"marcus, karen"
"bertagnolli, monica"
"devlin, phillip"
"george, suzanne"
"raut, chandrajit"
"libenson, mark"
"munn, lance"
"romero, jose"
"williams, jonathan"
"garg, rajesh"
"ruan, daniel"
"raffetto, joseph"
"khalil, raouf"
"lin, angela"
"ho, vincent"
"lee, i-min"
"chan, andrew"
"hansen, anne"
"kinney, hannah"
"raby, benjamin"
"scirica, benjamin"
"shin, jordan"
"macrae, calum"
"demling, robert"
"gewirtz, henry"
"harshman, lauren"
"maison, stephane"
"feldman, james"
"wilson, jay"
"poussaint, tina"
"singh, ajay"
"goldfine, allison"
"he, xi"
"buonanno, ferdinando"
"ning, mingming"
"winkfield, karen"
"ullrich, nicole"
"leinbach, robert"
"szallasi, zoltan"
"roberson, david"
"gimelbrant, alexander"
"jackman, david"
"rabin, michael"
"eisenhauer, andrew"
"mort, elizabeth"
"eisenberg, ronald"
"betensky, rebecca"
"kibel, adam"
"ohlms, laurie"
"alexander, mark"
"mauri, laura"
"cutler, corey"
"koreth, john"
"antin, joseph"
"chang, grace"
"jennings, russell"
"bubley, glenn"
"medarova, zdravka"
"wong, eric"
"hoenig, melanie"
"laga, alvaro"
"harmon, david"
"podolsky, scott"
"warfield, simon"
"manley, peter"
"chi, susan"
"london, wendy"
"vranceanu, ana-maria"
"peters, jurriaan"
"bhatt, ami"
"hecht, jonathan"
"crum, christopher"
"delahanty, linda"
"meigs, james"
"florez, jose"
"chen, xinhua"
"kelly, ciaran"
"souter, irene"
"connolly, leonard"
"gorman, mark"
"bourgeois, florence"
"mandl, kenneth"
"humphreys, benjamin"
"bernstein, bradley"
"pearl, phillip"
"lim, ruth"
"baron, roland"
"cheney, mack"
"mazumdar, maitreyi"
"pandharipande, pari"
"okereke, olivia"
"kapur, kush"
"haggarty, stephen"
"afdhal, nezam"
"nguyen, louis"
"shih, helen"
"goldstein, richard"
"garasic, joseph"
"lehmann, leslie"
"inuzuka, hiroyuki"
"wei, wenyi"
"bernards, andre"
"wirth, dyann"
"staley, kevin"
"bellmunt, joaquim"
"lipsitz, stuart"
"wiviott, stephen"
"vatten, lars"
"sesso, howard"
"leopold, jane"
"teot, lisa"
"blazar, philip"
"dyer, george"
"earp, brandon"
"huang, peigen"
"branda, john"
"nigrovic, lise"
"ellisen, leif"
"leviton, alan"
"fisher, naomi"
"swanson, richard"
"ng, kimmie"
"berg, anders"
"smith-warner, stephanie"
"connolly, james"
"kimia, amir"
"agar, nathalie"
"riviello, robert"
"halvorson, eric"
"kontaridis, maria"
"wirth, lori"
"emerick, kevin"
"yao, feng"
"hollenberg, norman"
"selwyn, andrew"
"schrag, deborah"
"church, george"
"sachs, david"
"demirci, utkan"
"lee, thomas"
"aryee, martin"
"anselm, irina"
"gitlin, david"
"mcdougle, christopher"
"smoller, jordan"
"zera, chloe"
"rabinov, james"
"rexrode, kathryn"
"hu, frank"
"suva, mario"
"lewis, john"
"bieber, frederick"
"lian, christine"
"clark, rachael"
"riella, leonardo"
"dyson, nicholas"
"lanske, beate"
"watnick, paula"
"song, phillip"
"rappaport, nancy"
"greene, arin"
"pourquie, olivier"
"potter, jennifer"
"popov, yury"
"fukumura, dai"
"poznansky, mark"
"shapiro, nathan"
"pope, jennifer"
"bader, angela"
"hepner, david"
"pozner, charles"
"gawande, atul"
"weiss, roger"
"connery, hilary"
"powers, linda"
"hunninghake, gary"
"maleki, nasim"
"borsook, david"
"saleeb, susan"
"landzberg, michael"
"kinlay, scott"
"blume, elizabeth"
"rhodes, jonathan"
"hughes, michael"
"fox, john"
"kashiwagi, satoshi"
"margossian, renee"
"rathod, rahul"
"melero-martin, juan"
"porter, ryan"
"vrahas, mark"
"harris, mitchel"
"evans, christopher"
"lang, peter"
"hayden, emily"
"chen, george"
"nasser, imad"
"burch, thomas"
"walls, ron"
"white, benjamin"
"takayesu, james"
"lee, bernard"
"pories, susan"
"poylin, vitaliy"
"hasselgren, per-olof"
"sitek, arkadiusz"
"dorbala, sharmila"
"raza, sughra"
"nagle, deborah"
"fahey, frederic"
"hanto, douglas"
"prosser, lisa"
"wilson, mary"
"murray, martha"
"hickey, paul"
"tasker, robert"
"haas-kogan, daphne"
"cohen, bruce"
"sena, laureen"
"lee, sandra"
"ruprecht, ruth"
"supko, jeffrey"
"tarbell, nancy"
"nose, vania"
"cohen, sarah"
"greenberg, james"
"levine, deborah"
"estroff, judy"
"barnewolt, carol"
"mehta, tejas"
"tabin, clifford"
"chang, james"
"banka, puja"
"hatton, mark"
"rudolph, uwe"
"rivkin, michael"
"yock, torunn"
"greenfield, shelly"
"anderson, megan"
"sackstein, robert"
"agenor, madina"
"haneuse, sebastien"
"edlow, jonathan"
"friedman, kevin"
"fulton, david"
"neufeld, ellis"
"charytan, david"
"gelfand, jeffrey"
"gebhardt, mark"
"dialani, vandana"
"mcelrath, thomas"
"copersino, marc"
"landman, adam"
"raja, ali"
"schiff, gordon"
"chaudry, gulraiz"
"alomari, ahmad"
"fishman, steven"
"jones, stephanie"
"kulik, thomas"
"treves, ted"
"steensma, david"
"rosen, carlo"
"tibbles, carrie"
"martin, camilia"
"freedman, steven"
"hoang, mai"
"caplan, louis"
"keane, john"
"tseng, yu-hua"
"opotowsky, alexander"
"dellaripa, paul"
"levine, jami"
"ghebremichael, musie"
"sudfeld, christopher"
"fein-zachary, valerie"
"kim, dae"
"kim, caroline"
"brown, douglas"
"yule, steven"
"fathi, amir"
"mah, douglas"
"triedman, john"
"feuerstein, joseph"
"cheifetz, adam"
"dworetzky, barbara"
"bubrick, ellen"
"milligan, tracey"
"grottkau, brian"
"davis, mark"
"locascio, joseph"
"panther, lori"
"nathanson, larry"
"wang, helen"
"mayer, kenneth"
"evenson, amy"
"masiakos, peter"
"foster, rosemary"
"pratt, stephen"
"treister, nathaniel"
"bienfang, don"
"prasad, sashank"
"price, bruce"
"lu, jun"
"mak, raymond"
"price, brendan"
"everett, brendan"
"paynter, nina"
"pratt, janey"
"hoppin, alison"
"pratt, daniel"
"goobie, susan"
"proctor, mark"
"meara, john"
"sethna, navil"
"rifai, nader"
"braunwald, eugene"
"alsop, david"
"fong, tamara"
"davis, benjamin"
"mora, samia"
"cook, nancy"
"lorch, jochen"
"blackburn, george"
"hutter, matthew"
"kaplan, lee"
"kelly, john"
"lautz, david"
"robinson, malcolm"
"shikora, scott"
"sogg, stephanie"
"thompson, christopher"
"schmahmann, jeremy"
"prager, laura"
"kawai, tatsuo"
"saidman, susan"
"tolkoff-rubin, nina"
"mulliken, john"
"rubin, marcie"
"labow, brian"
"sewell, william"
"price, marilyn"
"means, terry"
"berbeco, ross"
"ngwa, wilfred"
"flaherty, alice"
"feldman, adam"
"forstein, marshall"
"gutheil, thomas"
"yu, elaine"
"ausubel, frederick"
"gray, robert"
"wang, lu"
"manson, joann"
"taghinia, amir"
"prakash, kavitha"
"hochedlinger, konrad"
"hock, hanno"
"dagi, linda"
"liu, hesheng"
"fox, michael"
"logerfo, frank"
"pradhan-nabzdyk, leena"
"veves, aristidis"
"hedequist, daniel"
"edersheim, judith"
"harper, marvin"
"rahbar, reza"
"vanderveen, deborah"
"ginns, leo"
"tedrow, usha"
"capraro, andrew"
"day, arthur"
"guttmann, charles"
"mannix, rebekah"
"lee, lois"
"schutzman, sara"
"ferran, christiane"
"sun, qi"
"simons, laura"
"lebel, alyssa"
"orbach, darren"
"dzik, walter"
"prock, lisa"
"stack, anne"
"bachur, richard"
"kleinman, paul"
"presskreischer, benjamin"
"dickerson, bradford"
"vasudevan, anasuya"
"cunningham, miles"
"grant, frederick"
"leder, benjamin"
"attar, eyal"
"loder, elizabeth"
"venna, nagagopal"
"calderwood, stuart"
"kwon, young-min"
"gray, james"
"shih, william"
"lidov, hart"
"skotko, brian"
"wong, julia"
"scirica, christina"
"boepple, paul"
"weisskopf, marc"
"padwa, bonnie"
"hur, chin"
"chhatwal, jagpreet"
"hansen, ronald"
"akula, james"
"shah, ankoor"
"camprodon, joan"
"warf, benjamin"
"bauer, stuart"
"nahed, brian"
"mehta, nilesh"
"berde, charles"
"glanz, bonnie"
"cohen, alan"
"chiuve, stephanie"
"adil, eelam"
"chow, jeanne"
"bonds, matthew"
"yu, yong-ming"
"grabowski, eric"
"wasco, wilma"
"degar, barbara"
"duncan, christine"
"schmidt, ehud"
"lin, xihong"
"viswanathan, anand"
"trippa, lorenzo"
"umemori, hisashi"
"menard, matthew"
"braaten, ellen"
"gagne, joshua"
"mentzer, steven"
"hunsaker, andetta"
"drubach, laura"
"glotzbecker, michael"
"samuels, martin"
"hsu, liangge"
"freudenreich, oliver"
"karlin, lawrence"
"yuki, koichi"
"herman, susan"
"snyder, brian"
"rosen, dennis"
"acar, diler"
"baslet, gaston"
"golby, alexandra"
"stone, scellig"
"seiner, stephen"
"puigserver, pere"
"qi, lu"
"saxena, richa"
"chen, hong"
"pu, william"
"mostoslavsky, raul"
"alt, frederick"
"sinclair, david"
"domian, ibrahim"
"goessling, wolfram"
"north, trista"
"daley, george"
"allen, paul"
"hivert, marie-france"
"neale, benjamin"
"psaros, christina"
"kang, jae"
"jensen, majken"
"pasquale, louis"
"wang, da-zhi"
"zhang, yi"
"briscoe, david"
"rossi, derrick"
"naar, anders"
"tantisira, kelan"
"camargo, fernando"
"banks, alexander"
"demeo, dawn"
"clapham, david"
"taveras, elsie"
"gortmaker, steven"
"bellon, jennifer"
"punglia, rinaa"
"killoran, joseph"
"ware, norma"
"haberer, jessica"
"parker, stephen"
"haigis, marcia"
"pandolfi, pier"
"milan, david"
"ascherio, alberto"
"burstein, harold"
"pursley, dewayne"
"seidman, jonathan"
"mantzoros, christos"
"adam, rosalyn"
"wexler, deborah"
"cagliero, enrico"
"pronk, nicolaas"
"napadow, vitaly"
"kwong, kenneth"
"sanda, martin"
"ptak, thomas"
"wo, jennifer"
"lin, nancy"
"weinstein, milton"
"newhouse, joseph"
"munir, kerim"
"panigrahy, dipak"
"bielenberg, diane"
"sacks, frank"
"zupancic, john"
"cho, michael"
"hersh, craig"
"celli, bartolome"
"laird, nan"
"taghian, alphonse"
"pereira, alexandre"
"gervino, ernest"
"muehlschlegel, jochen"
"krolewski, andrzej"
"doria, alessandro"
"ebb, david"
"abrams, annah"
"macdonald, shannon"
"bistrian, bruce"
"ahveninen, jyrki"
"styer, aaron"
"hasan, tayyaba"
"rueda, bo"
"sorensen, glorian"
"okechukwu, cassandra"
"wagner, gregory"
"butler, william"
"han, jiali"
"neer, robert"
"qian, xiaohua"
"matthews, lynn"
"loggia, marco"
"catana, ciprian"
"hooker, jacob"
"mattei, josiemer"
"sharma, amitabh"
"zhou, xiaobo"
"fullerton, barbara"
"russo, andrea"
"niemierko, andrzej"
"golshan, mehra"
"anderson, christopher"
"quackenbush, john"
"djousse, luc"
"french, christopher"
"krane, jeffrey"
"kulke, matthew"
"castaldi, peter"
"uluer, ahmet"
"solt, ken"
"smith, vincent"
"finn, kathleen"
"puig, alberto"
"perrin, james"
"savage, jessica"
"shen, jie"
"thomas, ajith"
"belfort, mandy"
"mayer, erica"
"tolaney, sara"
"owen, caroline"
"wang, qing"
"chen, aileen"
"kobzik, lester"
"chen, jing"
"brodsky, dara"
"fuhlbrigge, robert"
"kupper, thomas"
"kawachi, ichiro"
"rhodes, erinn"
"ludwig, david"
"laffel, lori"
"gray, jesse"
"moy, beverly"
"hassett, michael"
"stout, natasha"
"duggan, margaret"
"tsai, alexander"
"hunt, peter"
"cunningham, rebecca"
"sullivan, amy"
"ghiran, ionita"
"dighe, anand"
"tiemeier, henning"
"nekhlyudov, larissa"
"nazarian, ara"
"daniels, norman"
"betancourt, theresa"
"kang, jing"
"wu, ann"
"rincon, sandra"
"smith, lois"
"krishnan, monica"
"bajwa, ednan"
"quraishi, sadeq"
"bueno, raphael"
"schuster, mark"
"golen, toni"
"burris, heather"
"wu, mei"
"alexander, brian"
"firth, paul"
"shank, erik"
"ma, qiufu"
"borczuk, pierre"
"miller, emily"
"freedman, rachel"
"liu, shan"
"gottlieb, daniel"
"huberman, mark"
"xiao, sheng"
"wu, chuan"
"kuchroo, vijay"
"pauls, david"
"quade, bradley"
"wakimoto, hiroaki"
"rabkin, samuel"
"martuza, robert"
"hazra, aditi"
"schaefer, pamela"
"gandhi, roopali"
"kieff, elliott"
"decaprio, james"
"shah, khalid"
"dinulescu, daniela"
"watkins, michael"
"muto, michael"
"nucci, marisa"
"horwitz, bruce"
"yajnik, vijay"
"sharpe, arlene"
"mathis, diane"
"benoist, christophe"
"maas, richard"
"rachid, rima"
"georgopoulos, katia"
"robson, simon"
"anderson, ana"
"healy, brian"
"chitnis, tanuja"
"stoughton, julianne"
"blacklow, stephen"
"quin, jacquelyn"
"haley, kathleen"
"bakshi, rohit"
"liu, joyce"
"berkowitz, ross"
"lerou, paul"
"campbell, david"
"mutter, george"
"baron, rebecca"
"upton, joseph"
"warman, matthew"
"gerber, georg"
"bonventre, joseph"
"biggers, john"
"lamont, elizabeth"
"mcneil, barbara"
"nuss, roger"
"mcgill, trevor"
"healy, gerald"
"ferrari, lynne"
"borer, joseph"
"christopher, kenneth"
"pawlowski, john"
"cooper, jeffrey"
"rosen, rachel"
"buonomo, carlo"
"katz, eliot"
"oettgen, hans"
"schneider, robert"
"fuhlbrigge, anne"
"ramaiya, nikhil"
"yanushpolsky, elena"
"horowitz, neil"
"feltmate, colleen"
"quintana, yuri"
"ganguli, suvranu"
"rabkin, dmitry"
"leslie-mazwi, thabele"
"rost, natalia"
"kharchenko, peter"
"strom, terry"
"ogilvy, christopher"
"lee, jarone"
"lin, yuan-chi"
"holzman, robert"
"thornton, kim"
"huttenhower, curtis"
"moore, stephen"
"rabinow, leonard"
"stecker, michael"
"schenker, matthew"
"baum, richard"
"fan, chieh-min"
"oliva, esther"
"goodman, annekathryn"
"singer, sara"
"hamdan, allen"
"maguire, casey"
"ressler, kerry"
"velmahos, george"
"moss, alan"
"janeway, katherine"
"cannistra, stephen"
"goldstein, joshua"
"callahan, michael"
"carusi, daniela"
"tenen, daniel"
"khwaja, khalid"
"faintuch, salomao"
"bousvaros, athos"
"kaafarani, haytham"
"king, david"
"volk, mark"
"rosas, ivan"
"goldberg, hilary"
"acker, david"
"waisel, david"
"macginnitie, andrew"
"shernan, stanton"
"aranki, sary"
"body, simon"
"fiebiger, edda"
"marasco, wayne"
"pai, sung-yun"
"rabkin, mitchell"
"bhattacharyya, neil"
"laidlaw, tanya"
"berry, donna"
"abrahm, janet"
"patel, aman"
"patsopoulos, nikolaos"
"sunyaev, shamil"
"gunawardena, jeremy"
"kiruluta, andrew"
"rabito, carlos"
"salazar, gloria"
"kaban, leonard"
"wells, william"
"zenati, marco"
"peacock, zachary"
"anderson, janis"
"padua, horacio"
"brown, lawrence"
"winkler, tilo"
"venegas, jose"
"hartnick, christopher"
"kleinman, monica"
"brenner, gary"
"agarwal, suneet"
"haver, kenan"
"hazen, eric"
"martin, ramon"
"arredouani, mohamed"
"choy, edwin"
"jacobson, joseph"
"coumans, jean-valery"
"borges, lawrence"
"ng, shu-wing"
"reisner, andrew"
"fennessy, fiona"
"onnela, jukka-pekka"
"brodsky, jacob"
"wegiel, barbara"
"aisiku, imoigele"
"frendl, gyorgy"
"houtchens, maria"
"stankiewicz, james"
"gupta, naren"
"garshick, eric"
"belkin, michael"
"liao, eric"
"silvera, michelle"
"rahme, laurence"
"xiao, wenzhong"
"barbie, david"
"chen, teresa"
"demetri, george"
"shapiro, geoffrey"
"zhou, qiao"
"rajagopal, jayaraj"
"melton, douglas"
"shioda, toshihiro"
"kucherlapati, raju"
"sahay, amar"
"dipiro, pamela"
"musunuru, kiran"
"cowan, chad"
"ip, ivan"
"sodickson, aaron"
"gill, ritu"
"khorasani, ramin"
"troulis, maria"
"gilmore, michael"
"gipson, ilene"
"ramani, subha"
"rahman, mohammed"
"ramappa, arun"
"woo, sook-bin"
"seely, ellen"
"randall, thomas"
"randall, edin"
"chapman, paul"
"stillman, isaac"
"parikh, samir"
"raines, douglas"
"krajewski, katherine"
"ralston, steven"
"uhl, lynne"
"levine, james"
"kufe, donald"
"cotten, joseph"
"forman, stuart"
"miller, keith"
"rajaiya, jaya"
"murphy, shawn"
"ramoni, rachel"
"kohane, isaac"
"cohen, adam"
"brown, florence"
"vasudevan, shobha"
"sabatini, bernardo"
"schuur, jeremiah"
"lyn, everett"
"nielsen, gunnlaugur"
"rodriguez, edward"
"greenberg, jeffrey"
"biederman, joseph"
"wozniak, janet"
"young, brett"
"cohen, jonathan"
"banerji, aleena"
"kronenberg, henry"
"giardino, angela"
"hammerman, peter"
"schneider, louise"
"kocher, mininder"
"hamblin, michael"
"gray, stacy"
"penson, richard"
"seltzer, steven"
"healey, michael"
"vacanti, joseph"
"ott, harald"
"kosowsky, joshua"
"gandhi, leena"
"seeger, john"
"rando, robert"
"langenau, david"
"gierga, david"
"russell, anthony"
"busse, paul"
"chabner, bruce"
"james-todd, tamarra"
"horowitz, gary"
"singh, tajinder"
"hsu, ya-chieh"
"castro, cesar"
"rosenthal, michael"
"deangelis, joseph"
"goralnick, eric"
"ryan, colleen"
"banks, peter"
"ropper, allan"
"wright, adam"
"lacson, ronilda"
"weldon, christopher"
"yasuhara, shingo"
"an, dingding"
"mccray, alexa"
"jacene, heather"
"joynt, karen"
"subramanian, radhika"
"karmacharya, rakesh"
"campos, susana"
"ibeziako, patricia"
"weissman, barbara"
"overmoyer, beth"
"weiner, scott"
"hasegawa, kohei"
"diller, lisa"
"katz, joel"
"costa, madalena"
"peak, david"
"gates, jonathan"
"abujudeh, hani"
"mayer, robert"
"bhatia, kriti"
"fitzgerald, michael"
"logan, deirdre"
"smith, stacy"
"semrau, katherine"
"brink, james"
"saini, sanjay"
"greenspan, peter"
"riedy, christine"
"rapoport, tom"
"randolph, adrienne"
"biddinger, sudha"
"rask-madsen, christian"
"carey, martin"
"jenike, michael"
"rathi, yogesh"
"maytal, guy"
"demaso, david"
"weber, griffin"
"kunkel, louis"
"spence, sarah"
"rathmell, james"
"huang, paul"
"berger, david"
"raskin, kevin"
"mankin, henry"
"suit, herman"
"liebsch, norbert"
"lin, alexander"
"nelson, sarah"
"ratai, eva-maria"
"rauch, steven"
"halpin, christopher"
"kessler, ronald"
"sachs, gary"
"scharf, jeremiah"
"wang, jiping"
"spencer, thomas"
"madras, bertha"
"livni, elijahu"
"manoach, dara"
"rudner, david"
"greenberg, jennifer"
"blais, mark"
"bordeianou, liliana"
"osteen, robert"
"ashley, stanley"
"aiello, lloyd"
"kruskal, jonathan"
"wiklund, richard"
"isaacson, keith"
"schwaitzberg, steven"
"springer, michael"
"lee, linda"
"clancy, thomas"
"rangel, shawn"
"siewert, bettina"
"bouix, sylvain"
"pasternak, ofer"
"fischer, michael"
"huybrechts, krista"
"kubicki, marek"
"seidman, larry"
"mccarley, robert"
"michna, edward"
"simopoulos, thomas"
"loeken, mary"
"nadelson, carol"
"walensky, rochelle"
"haimovici, florina"
"hunter, george"
"hamberg, leena"
"schwab, joseph"
"keuthen, nancy"
"strangman, gary"
"glenn, mel"
"rosowski, john"
"killgore, william"
"rosso, isabelle"
"kozono, david"
"shellito, paul"
"brooks, david"
"boucher, yves"
"silveri, marisa"
"feener, edward"
"samir, anthony"
"ross, douglas"
"houck, constance"
"westin, carl-fredrik"
"choi, noah"
"donahue, dean"
"enzinger, peter"
"benson, herbert"
"tootell, roger"
"levy, jason"
"nath, barbara"
"kuo, braden"
"colson, yolonda"
"harrison, stephen"
"kruse, andrew"
"sliz, piotr"
"niznikiewicz, margaret"
"chen, catherine"
"lee, jongsoon"
"shoelson, steven"
"shekar, prem"
"wainger, brian"
"castaneda, aldo"
"hickey, patricia"
"taylor, george"
"goldman, stuart"
"schoenfeld, andrew"
"yam, chun-shan"
"welty, francine"
"setsompop, kawin"
"sylvia, louisa"
"chang, david"
"libman, howard"
"heaton, james"
"joffe, hadine"
"herrmann, barbara"
"sloan, steven"
"zgleszewski, steven"
"brustowicz, robert"
"seefelder, christian"
"gombos, eva"
"jagadeesan, jayender"
"ahmed, shihab"
"alston, theodore"
"wang, jingping"
"iezzoni, lisa"
"savadjiev, peter"
"ring, david"
"alegria, margarita"
"makris, nikolaos"
"widge, alik"
"schnipper, lowell"
"baker, keith"
"fishman, laurie"
"levitsky, sidney"
"cowan, douglas"
"mccully, james"
"eappen, sunil"
"kujawa, sharon"
"konowitz, paul"
"brendel, rebecca"
"stufflebeam, steven"
"liao, maofu"
"mortele, koenraad"
"haynes, alex"
"david, william"
"chad, david"
"franklin, jessica"
"brennan, troyen"
"choudhry, niteesh"
"roffman, joshua"
"cummings, brian"
"nickerson, lisa"
"landrigan, christopher"
"paganoni, sabrina"
"zhang, da"
"sun, maryellen"
"sheiman, robert"
"bleday, ronald"
"brown, morgan"
"yeh, daniel"
"chang, steven"
"ratey, john"
"alpert, nathaniel"
"sheth, sunil"
"walford, geoffrey"
"davis, kenneth"
"herbert, martha"
"monaco, anthony"
"vallender, eric"
"moon, james"
"doyle, alysa"
"farrar, christian"
"epstein, stephen"
"schoen, frederick"
"morgan, bruce"
"kim, young-bum"
"carlson, william"
"xu, xiaoyin"
"bacskai, brian"
"mooney, john"
"hemler, martin"
"fortune, sarah"
"rubin, eric"
"ayata, cenk"
"bonner-weir, susan"
"laws, edward"
"lee, anne"
"sullivan, david"
"yu, paul"
"mollica, richard"
"sundback, cathryn"
"park, mi-ae"
"kijewski, marie"
"barouch, dan"
"hsu, victor"
"moore, gordon"
"blower, michael"
"chou, james"
"murphy, jane"
"husson, robert"
"gaggin, hanna"
"moo, lauren"
"losman, julie-aurore"
"mullally, ann"
"weir, gordon"
"ouyang, jinsong"
"monson, richard"
"biddinger, paul"
"chung, sarita"
"ananthakrishnan, ashwin"
"coblyn, jonathan"
"cui, jing"
"shadick, nancy"
"weinblatt, michael"
"reed, robin"
"liao, katherine"
"gelber, richard"
"boffetta, paolo"
"regehr, wade"
"reeves, roger"
"raviola, elio"
"weitz, charles"
"wedeen, van"
"reese, timothy"
"bean, bruce"
"kaplan, irving"
"herndon, james"
"macarthur, daniel"
"redmond, robert"
"zhou, jie"
"zhu, xuping"
"levine, bat-sheva"
"bober, sharon"
"campbell, eric"
"birdwell, robyn"
"raynor, elizabeth"
"mega, jessica"
"winkelman, john"
"smith, barbara"
"gadd, michele"
"specht, michelle"
"lu, hsiao-ming"
"mier, james"
"rutkove, seward"
"dymecki, susan"
"sukhatme, vikas"
"lubitz, steven"
"kochevar, irene"
"tobias, adam"
"melki, samir"
"lester, susan"
"majzoub, joseph"
"rehm, heidi"
"margulies, david"
"mekkaoui, choukri"
"bhatt, rupal"
"winograd, jonathan"
"slaugenhaupt, susan"
"lemere, cynthia"
"ravid, shmuel"
"lu, xing-qi"
"held, kathryn"
"masland, richard"
"bradshaw, elizabeth"
"chen, bing"
"kenney, lisa"
"giess, catherine"
"yeh, eren"
"syngal, sapna"
"nayak, lakshmi"
"wessling-resnick, marianne"
"weissman, joel"
"wu, yaotang"
"ackerman, jerome"
"ecklund, kirsten"
"georgian-smith, dianne"
"denison, christine"
"frost, elisabeth"
"little, sarah"
"li, quanzheng"
"mullington, janet"
"lee, yvonne"
"raymond, laurie"
"lu, bing"
"rollins, barrett"
"cepko, constance"
"shields, alexandra"
"reardon, edward"
"sandberg, michael"
"vrooman, lynda"
"li, frederick"
"nardin, rachel"
"gurish, michael"
"massarotti, elena"
"helfgott, simon"
"nigrovic, peter"
"brennan, patrick"
"baecher-allan, clare"
"patenaude, andrea"
"reede, joan"
"rider, jennifer"
"essex, myron"
"kaeser, pascal"
"rosas, sylvia"
"connors, jean"
"nakhlis, faina"
"berliner, nancy"
"come, steven"
"wu, ona"
"vanduffel, wim"
"young, geoffrey"
"slanetz, priscilla"
"tarulli, andrew"
"tarsy, daniel"
"beck, james"
"guinan, eva"
"weinhouse, gerald"
"normandin, marc"
"shoup, timothy"
"tsao, hensin"
"garnick, marc"
"dewolf, william"
"shingleton, bradford"
"woodmansee, whitney"
"zietman, anthony"
"ullrich, christina"
"wolfe, joanne"
"dominici, laura"
"muratoglu, orhun"
"anderson, paul"
"cook, charles"
"parker, michael"
"green, robert"
"reuter, martin"
"sperling, reisa"
"rentz, dorene"
"marshall, gad"
"selkoe, dennis"
"buckner, randy"
"johnson, keith"
"salat, david"
"rosand, jonathan"
"mark, roger"
"zalloua, pierre"
"reinsberger, claus"
"wang, jia-huai"
"wagner, gerhard"
"reinherz, ellis"
"amariglio, rebecca"
"remold, heinz"
"serhan, charles"
"reilly, raymond"
"wagner, denisa"
"albers, mark"
"gomez-isla, teresa"
"vasdev, neil"
"sabuncu, mert"
"alexander, michael"
"diamond, david"
"retik, alan"
"li, zhe"
"kim, mikyung"
"reid, lynne"
"gomperts, stephen"
"growdon, john"
"kaplan, joshua"
"anderson, matthew"
"cendron, marc"
"lesser, cammie"
"vassy, jason"
"balestrieri, barbara"
"thornhill, thomas"
"aragam, jayashri"
"maron, bradley"
"niles, john"
"daffner, kirk"
"reis, ben"
"koenen, karestan"
"rosas, herminia"
"hersch, steven"
"chueh, henry"
"mandell, james"
"regestein, quentin"
"pavlova, milena"
"blacker, deborah"
"augustinack, jean"
"boas, david"
"luo, hongbo"
"neault, marilyn"
"grusby, michael"
"burns, jeffrey"
"rheinwald, james"
"brownstein, john"
"cleveland, robert"
"seaman, michael"
"baden, lindsey"
"dolin, raphael"
"gilbert, gary"
"binder, william"
"avery, laura"
"shipp, thomas"
"gabardi, steven"
"fine, andrew"
"reiss, rosemary"
"zeng, huiyan"
"kaufman, richard"
"silberstein, leslie"
"pennell, page"
"herrlich, andreas"
"mayadas, tanya"
"odom, stephen"
"papadelis, christos"
"dunn, erin"
"lammers, karen"
"ward, valerie"
"vaillant, george"
"waldinger, robert"
"schiff, isaac"
"heller, howard"
"ghosh, satrajit"
"zaslavsky, alan"
"henderson, galen"
"vaidya, vishal"
"parad, richard"
"baron, jason"
"winter, harland"
"kaimal, anjali"
"leveroni, catherine"
"husain, deeba"
"andreoli, christopher"
"savova, guergana"
"gehlenborg, nils"
"sander, chris"
"richardson, charles"
"rhein, lawrence"
"peterson, karen"
"gangadharan, sidharta"
"epino, henry"
"feskanich, diane"
"loparo, joseph"
"rinn, john"
"olsen, sjurdur"
"anderson, thomas"
"harris, william"
"swanson, scott"
"douglass, chester"
"reynolds, rachel"
"ricciotti, hope"
"huh, susanna"
"rhatigan, joseph"
"bukhman, gene"
"smith-fawzi, mary"
"kerry, vanessa"
"ebbeling, cara"
"garvey, katharine"
"wolpert, howard"
"wolfsdorf, joseph"
"cheng, leo"
"lin, jennifer"
"gerbaudo, victor"
"yang, julius"
"bates, carol"
"reynolds, eileen"
"hudson, margo"
"gerard, norma"
"rey-casserly, celiane"
"delaney, brian"
"krieger, nancy"
"hirschhorn, lisa"
"ay, hakan"
"goodman, elizabeth"
"hur, hye-chun"
"zheng, bin"
"lee, patrick"
"awtrey, christopher"
"davaasambuu, ganmaa"
"hamilton, thomas"
"tavakkoli, ali"
"rhei, esther"
"mednick, lauren"
"jacobson, francine"
"reynolds, deborah"
"toth, thomas"
"wucherpfennig, kai"
"penzias, alan"
"herzig, shoshana"
"chandler, paulette"
"stern, theodore"
"rhodes-kropf, jennifer"
"huang, grace"
"king, louise"
"weintraub, rebecca"
"jackson, richard"
"gurol, mahmut"
"cox, joanne"
"fleegler, eric"
"wilson, kim"
"mcclain, craig"
"bierer, barbara"
"becker, anne"
"ng, ju-mei"
"hartigan, philip"
"mccormick, marie"
"huang, edwin"
"danaei, goodarz"
"freeman, michael"
"taylor, william"
"norheim, ole"
"pereyra, florencia"
"allen, todd"
"altfeld, marcus"
"sax, paul"
"basgoz, nesli"
"brown, stephen"
"freedberg, kenneth"
"gandhi, rajesh"
"kauffman, carol"
"kim, david"
"kwon, douglas"
"ojikutu, bisola"
"rosenberg, eric"
"stone, valerie"
"zachary, kimon"
"zorn, emmanuel"
"miller, katherine"
"alter, galit"
"glotzbecker, brett"
"roach, james"
"chai, li"
"waber, deborah"
"mrakotsky, christine"
"mcanulty, gloria"
"robinson, julian"
"hirsch, martin"
"rotnitzky, andrea"
"als, heidelise"
"inder, terrie"
"stegmaier, kimberly"
"finkelstein, stan"
"leboeuf, nicole"
"woolf, clifford"
"rizzoli, paul"
"parker, robert"
"schwartzstein, richard"
"lok, judith"
"hansen, steen"
"wyshak, grace"
"ringer, steven"
"boyd, theonia"
"chiu, isaac"
"liberles, stephen"
"novina, carl"
"wolf, gerald"
"mulligan, richard"
"makimura, hideo"
"tchetgen, eric"
"duhaime, ann-christine"
"siegel, alan"
"robinson, dwight"
"shamu, caroline"
"bradley, john"
"shoji, brent"
"lane, andrew"
"anchan, raymond"
"loring, stephen"
"turka, laurence"
"li, jonathan"
"papaliodis, george"
"durand, marlene"
"yawetz, sigal"
"taylor, charles"
"krishnamoorthy, kalpathy"
"du, rose"
"day, charles"
"arky, ronald"
"zanni, markella"
"triant, virginia"
"vosburgh, kirby"
"abraczinskas, diane"
"dienstag, jules"
"greene, michael"
"briggs, susan"
"waltzman, mark"
"tatituri, raju"
"yaseen, mohammad"
"mahan, susan"
"stevens, richard"
"avruch, joseph"
"moon, aeri"
"peters, antoinette"
"breault, david"
"victora, cesar"
"pavlakis, martha"
"shreffler, wayne"
"thon, jonathan"
"henrich, timothy"
"kvedar, joseph"
"jethwani, kamal"
"kolter, roberto"
"schaumberg, debra"
"nadel, allan"
"bell, sigall"
"fazio, sara"
"bauer, kenneth"
"howley, peter"
"moy, marilyn"
"friedman, deborah"
"shah, neel"
"haspel, richard"
"kwolek, christopher"
"ryan, edward"
"gervais, debra"
"lee, susanna"
"licameli, greg"
"kadoch, cigall"
"mcallister, sandra"
"schneider, eric"
"segal, rosalind"
"wylie, blair"
"shenoy, erica"
"wong, johnson"
"zwicker, jeffrey"
"uppot, raul"
"costigan, michael"
"ginty, david"
"tempany-afdhal, clare"
"palanisamy, arvind"
"simon, david"
"verhave, menno"
"khurana, bharti"
"cooper, zara"
"axelrod, lloyd"
"petryshen, tracey"
"rogers, michael"
"fiorina, paolo"
"rogulja, dragana"
"longo, dan"
"rosen, glenn"
"gollub, randy"
"becker, james"
"mason, keira"
"rojas, rafael"
"rohde, jon"
"kim, kwang-soo"
"zhang, baochun"
"yamada, kazuhiko"
"cahill, catherine"
"junger, wolfgang"
"wesemann, duane"
"huang, xudong"
"chiarle, roberto"
"rodrigue, james"
"kaczmarek, elzbieta"
"scherzer, clemens"
"stern, emily"
"salhanick, steven"
"richter, james"
"chowdhury, dipanjan"
"rosenberg, robert"
"cantor, harvey"
"elyaman, wassim"
"levy, ofer"
"oxnard, geoffrey"
"stewart, jane"
"glicksman, marcie"
"korrick, susan"
"yu, weiqun"
"hill, warren"
"aird, william"
"smith, rex"
"wolf, jacqueline"
"rosenbaum, jerrold"
"hirshfeld-becker, dina"
"delisi, lynn"
"levy, deborah"
"seth, pankaj"
"baffy, gyorgy"
"connor, kip"
"goldberg, michael"
"rocco, thomas"
"oyoshi, michiko"
"papageorgiou, panagiotis"
"zetter, bruce"
"rocha, roberto"
"lee, larissa"
"rosen, seymour"
"maviglia, saverio"
"benjamin, thomas"
"leder, philip"
"crickmore, michael"
"yeh, heidi"
"abel, gregory"
"rockoff, mark"
"lable, ira"
"dykes, patricia"
"hamalainen, matti"
"walsh, dominic"
"walensky, loren"
"heidary, gena"
"watnick, randolph"
"bhadelia, rafeeque"
"shapiro, frederic"
"herman, mark"
"koulmanda, maria"
"boyer, debra"
"grace, rachael"
"papavassiliou, efstathios"
"kent, michael"
"whyte, richard"
"haddad, robert"
"lown, bernard"
"rozental, tamara"
"jupiter, jesse"
"huang, christene"
"fagiolini, michela"
"lau, daryl"
"rosen, evan"
"galaburda, albert"
"dushay, joanne"
"andriole, katherine"
"romero, javier"
"rose, sherri"
"singer, daniel"
"russell, steven"
"lu, kun"
"marota, john"
"selim, magdy"
"schaechter, judith"
"lo, eng"
"singhal, aneesh"
"waxman, aaron"
"chernew, michael"
"rordorf, guy"
"koralnik, igor"
"blood, anne"
"catalano, onofrio"
"ronningstam, elsa"
"feske, steven"
"jensen, karin"
"eichler, florian"
"liu, philip"
"mainero, caterina"
"romo, laura"
"kabrhel, christopher"
"tan, chen"
"kelly, hillary"
"weinberg, igor"
"cestari, dean"
"helmer, karl"
"gonzalez, ramon"
"hess, dean"
"kaelin, william"
"schalock, peter"
"lerner, ethan"
"noviski, natan"
"currier, paul"
"shera, christopher"
"whalen, michael"
"wolfe, richard"
"rosales, ana"
"uchida, mai"
"mehrotra, ateev"
"simon, mirela"
"cambria, richard"
"conrad, mark"
"paul, elahna"
"franceschini, maria"
"hadjikhani, nouchine"
"busch, alisa"
"mcguire, thomas"
"mateen, farrah"
"berkowitz, aaron"
"atkins, elisha"
"bazari, hasan"
"deisboeck, thomas"
"aglio, linda"
"gugino, laverne"
"kristal, bruce"
"henske, elizabeth"
"jena, anupam"
"lechene, claude"
"steinhauser, matthew"
"patel, virendra"
"martin, joseph"
"young, anne"
"gunderson, john"
"lindsay, mark"
"lehman, constance"
"unkelbach, jan"
"ronthal, michael"
"ortiz, vilma"
"rosen, vicki"
"rosenthal, meredith"
"goodyear, laurie"
"frank, richard"
"epstein, arnold"
"rosenthal, david"
"lichterfeld, mathias"
"yu, xu"
"gregory, richard"
"dreyer, keith"
"rosenblatt, peter"
"henin, aude"
"volpe, joseph"
"rosen, matthew"
"boland, giles"
"micco, jamie"
"smith, thomas"
"arai, ken"
"abrams, dominic"
"lipes, myra"
"cusin, cristina"
"palmer, matthew"
"rosenblatt, laurie"
"zavras, athanasios"
"sequist, thomas"
"bloom, barry"
"chien, alyna"
"feinberg, mark"
"galbraith, alison"
"intini, giuseppe"
"rosen, harold"
"malabanan, alan"
"borg-stein, joanne"
"meleger, alec"
"rosenberg, darren"
"kolodny, gerald"
"dvorak, ann"
"patel, chirag"
"stankovic, konstantina"
"adams, joe"
"chu, catherine"
"hoch, daniel"
"bischoff, joyce"
"thomson, carey"
"strichartz, gary"
"goguen, laura"
"tishler, roy"
"demay, marie"
"karchmer, adolf"
"huang, ambrose"
"tsai, leo"
"hatfield, laura"
"meyer, robert"
"islam, sabina"
"harris, robert"
"hamilos, daniel"
"chaikof, elliot"
"callahan, ronald"
"osganian, stavroula"
"samuels, ronald"
"marques, luana"
"kissler, stephan"
"liang, steven"
"fredberg, jeffrey"
"khademhosseini, ali"
"alkasab, tarik"
"zalis, michael"
"kotton, camille"
"flood, james"
"makar, robert"
"stowell, christopher"
"chang, connie"
"gurvitz, michelle"
"shepard, jo-anne"
"liu, bob"
"stephenson, kathryn"
"olumi, aria"
"giacino, joseph"
"benowitz, larry"
"gabbay, robert"
"heffernan, james"
"schomer, donald"
"jajoo, kunal"
"isaac, zacharia"
"wool, carol"
"eggan, kevin"
"rowley, christopher"
"ross, john"
"rottingen, john-arne"
"garber, jeffrey"
"rothschild, jeffrey"
"kachalia, allen"
"whittemore, anthony"
"collins, mary"
"bassett, ingrid"
"jamison, robert"
"ross, edgar"
"janfaza, david"
"nedeljkovic, srdjan"
"narang, sanjeet"
"eldaief, mark"
"silva, denise"
"driver, jane"
"gruber, staci"
"ross, robin"
"smith, raymond"
"fregni, felipe"
"dalal, anuj"
"nakajima, hideko"
"curtin, hugh"
"roth, elizabeth"
"li, airong"
"fletcher, suzanne"
"lu, christine"
"caviness, verne"
"tsuang, ming"
"coulter, david"
"giugliano, robert"
"fletcher, robert"
"bogart, laura"
"salzman, carl"
"verdine, gregory"
"cheng, jeffrey"
"kobler, james"
"kohane, daniel"
"rozenblum, ronen"
"balaban, richard"
"chamberlin, nancy"
"stead, wendy"
"samal, lipika"
"whelan, sean"
"balazs, alejandro"
"hamoda, hesham"
"keshavan, matcheri"
"rothenberg, albert"
"mufson, michael"
"suzuki, joji"
"smith, daniel"
"garabedian, laura"
"nozari, ala"
"szabo, michele"
"kissin, igor"
"rubin, lee"
"rubash, harry"
"peterson, randall"
"greene, reginald"
"rubin, robert"
"russell, gary"
"walker, suzanne"
"freiberg, andrew"
"malchau, henrik"
"ruderman, joan"
"ruan, chun"
"roy, christopher"
"li, guoan"
"walker, thomas"
"rufo, paul"
"dove, simon"
"barczak, amy"
"hung, deborah"
"goldberg, alfred"
"bernhardt, thomas"
"cho, nancy"
"comstock, laurie"
"shi, jinjun"
"beach, scott"
"white, andrew"
"walter, johannes"
"stevenson, william"
"fox, victor"
"kahne, daniel"
"mckean, sylvia"
"schnipper, jeffrey"
"bennett, susan"
"schorge, john"
"growdon, whitfield"
"shanbhag, arun"
"leichtner, alan"
"rider, elizabeth"
"lieberman, judy"
"goldfeld, anne"
"fong, yick"
"marill, keith"
"setnik, gary"
"kim, matthew"
"clark, rachel"
"vandorpe, david"
"artavanis-tsakonas, spyros"
"sadow, cheryl"
"welch, william"
"sadri-vakili, ghazaleh"
"armoundas, antonis"
"wang, ning"
"furie, barbara"
"furie, bruce"
"whitney, james"
"gold, jason"
"roche, martin"
"sabatini, mary"
"wu, jim"
"kung, justin"
"benes, francine"
"schur, peter"
"macklis, jeffrey"
"halamka, john"
"desai, sonali"
"kolp, rebecca"
"merola, joseph"
"sepucha, karen"
"simmons, leigh"
"rubenstein, mitchell"
"levy, sharon"
"dedeoglu, fatma"
"weitzman, elissa"
"kuroda, mitzi"
"michelson, alan"
"abrams, thomas"
"russell, george"
"white, robert"
"ruvkun, gary"
"soukas, alexander"
"harris, jason"
"calderwood, stephen"
"jarolim, petr"
"gillette, michael"
"rutherford, anna"
"gu, chenghua"
"kingston, robert"
"berkman, lisa"
"sabharwal, sunil"
"irazoqui, javier"
"tsibris, athe"
"clark, cheryl"
"doody, daniel"
"assad, john"
"boland, genevieve"
"schwartz, richard"
"alessandrini, alessandro"
"benichou, gilles"
"hiatt, howard"
"ivers, louise"
"koenig, serena"
"walton, david"
"charles, richelle"
"arellano, ronald"
"surman, owen"
"schneider, jeffrey"
"yuan, qian"
"gonzalez, ernesto"
"pasternack, mark"
"margalit, danielle"
"heher, eliot"
"yellen, gary"
"tucker, john"
"chen, helen"
"lerwill, melinda"
"hibberd, patricia"
"weinberg, ido"
"saad, rima"
"damato, antonio"
"cormack, robert"
"foody, joanne"
"teng, yang"
"pearson, kimberly"
"trinh, nhi-ha"
"fuzaylov, gennadiy"
"weinrauch, larry"
"mandinova, anna"
"friedmann, alison"
"noam, gil"
"varvares, mark"
"lin, derrick"
"kimball, alexandra"
"goverman, jeremy"
"larkin, mary"
"gibbons, christopher"
"coleman, margaret"
"black-schaffer, randie"
"tuomala, ruth"
"mutinga, muthoka"
"ukomadu, chinweike"
"khalili, hamed"
"michaelson, james"
"bonato, paolo"
"russell, roger"
"leboff, meryl"
"ko, dicken"
"he, zhigang"
"kalra, mannudeep"
"safran, charles"
"sprich, susan"
"surman, craig"
"clark, timothy"
"bauer, mark"
"baldessarini, ross"
"eisner, brian"
"silverman, stuart"
"hoffmeister, karin"
"harley, rebecca"
"jacobo, michelle"
"lawler, jack"
"nicholson-weller, anne"
"allan, james"
"arnaout, ramy"
"das, sudeshna"
"beardslee, william"
"greenberg, william"
"mayo-smith, william"
"sacknoff, richard"
"novelline, robert"
"wang, zhirui"
"difiglia, marian"
"kegel, kimberly"
"issa, nicolas"
"sacco, dianne"
"arbelaez, christian"
"desrosiers, astrid"
"conlin, paul"
"wilens, timothy"
"sadovnikoff, nicholas"
"bleier, benjamin"
"gray, stacey"
"holbrook, eric"
"berezovska, oksana"
"do, synho"
"freitag, suzanne"
"lefebvre, daniel"
"yoon, michael"
"shyn, paul"
"steele, graeme"
"slack, warner"
"bleich, howard"
"sacks, barry"
"august, meredith"
"hawley, robert"
"dluhy, robert"
"dierks, meghan"
"tirosh, amir"
"gilman, matthew"
"azzi, jamil"
"ercan, altan"
"ingenito, edward"
"hammerness, paul"
"carman, christopher"
"parker, john"
"dvorak, harold"
"liang, marilyn"
"huang, jennifer"
"galler, janina"
"borba, christina"
"sharma, nutan"
"saint-geniez, magali"
"salim, ali"
"salajegheh, mohammad"
"kim, jane"
"elledge, stephen"
"sajdel-sulkowska, elizabeth"
"sahni, vikram"
"leritz, elizabeth"
"mcglinchey, regina"
"singh, sarabjeet"
"chase, maureen"
"ganetsky, michael"
"fortier, catherine"
"kelly, edward"
"saksena, mansi"
"nadler, lee"
"saltzman, brian"
"holupka, edward"
"saldana, fidencio"
"coopey, suzanne"
"atun, rifat"
"stahl, gregory"
"pandya, ankur"
"gaziano, thomas"
"verguet, stephane"
"sommers, benjamin"
"degutis, joseph"
"hafezi-moghadam, ali"
"disalvo, donald"
"ksander, bruce"
"niell, bethany"
"wu, steven"
"koerner, frederick"
"park, sang"
"cohen, jessica"
"kopans, daniel"
"tabatabaei, shahin"
"kim, leo"
"arboleda-velasquez, joseph"
"fang, qianqian"
"carp, stefan"
"anderson, dennis"
"lilly, leonard"
"marks, debora"
"blute, michael"
"samelson, elizabeth"
"sanchez, pedro"
"kelsey, peter"
"schapiro, robert"
"hannan, marian"
"mclean, robert"
"wolf, anne"
"shipley, william"
"kressel, herbert"
"sanchez, leon"
"imperato, jason"
"vavvas, demetrios"
"baskin, marc"
"stylopoulos, nicholas"
"young, lucy"
"samples, cathryn"
"linder, jeffrey"
"shmerling, robert"
"bean, jonathan"
"babitt, jodie"
"grossman, shamai"
"steinman, theodore"
"shah, uzma"
"burakoff, robert"
"inglessis-azuaje, ignacio"
"palfrey, judith"
"anderson, philip"
"katz, ingrid"
"folch, erik"
"majid, adnan"
"mcginnis, scott"
"smulowitz, peter"
"zuccotti, gianna"
"chan, walter"
"zeidel, mark"
"frank, natasha"
"cravero, joseph"
"mcmanus, michael"
"sarge, todd"
"lisbon, alan"
"sankaran, vijay"
"lee, jeannie"
"noseda, rodrigo"
"santra, sampa"
"sieff, colin"
"gazda, hanna"
"sanders, kathy"
"sands, kenneth"
"sang, christine"
"kales, stephen"
"hu, kun"
"sodroski, joseph"
"okada, yoshio"
"billett, amy"
"lown, beth"
"barrett, nora"
"sandrock, norma"
"pascucci, robert"
"savage, william"
"gorrindo, tristan"
"birnbaum, robert"
"fromson, john"
"beresin, eugene"
"petersen, timothy"
"woods, elizabeth"
"sasahara, arthur"
"boland, robert"
"correll, darin"
"lee, karen"
"margossian, steven"
"sundar, sugantha"
"shih, ludy"
"malik, raza"
"abookire, susan"
"sharma, tanvi"
"levy, dan"
"schwer, bjoern"
"yankner, bruce"
"scully, ralph"
"bentley, katie"
"melanson, stacy"
"eikermann-haerter, katharina"
"moulton, eric"
"scrivani, steven"
"moser, arthur"
"klagsbrun, michael"
"morse, christopher"
"morris, charles"
"seifter, julian"
"moulton, vaishali"
"torchiana, david"
"moschella, samuel"
"strassman, andrew"
"hsiao, li-li"
"giersch, anne"
"britz-cunningham, scott"
"friedman, sonia"
"zhao, dezheng"
"kyttaris, vasileios"
"fitzgerald, lisa"
"peppercorn, mark"
"atochin, dmitriy"
"bernacki, rachelle"
"levy, douglas"
"amrein, philip"
"kobayashi, tatsuya"
"kim, ivana"
"heeney, matthew"
"sayah, assaad"
"welt, corrine"
"baugh, christopher"
"dartt, darlene"
"haider, neena"
"sidman, richard"
"sharma, niraj"
"antonelli, richard"
"schaefer, kristen"
"bonilla, francisco"
"yang, priscilla"
"nibert, max"
"scheer, frank"
"mccormick, danny"
"ingwall, joanne"
"ciottone, gregory"
"sayeed, sadath"
"toomey, sara"
"oreskovic, nicolas"
"winickoff, jonathan"
"michaelson, marc"
"ship, amy"
"barbaresi, william"
"tritos, nicholas"
"maguire, james"
"weiner, debra"
"burstein, jonathan"
"betancourt, joseph"
"green, alexander"
"cho, tracey"
"parrish, john"
"fenves, andrew"
"dixon, ronald"
"nejad, shamim"
"schechter, neil"
"schwarzschild, michael"
"sudarsky, lewis"
"valera, eve"
"arrigg, paul"
"schlossman, deborah"
"shah, sabera"
"cavallerano, jerry"
"eliott, dean"
"hung, albert"
"merabet, lotfi"
"sullivan, daniel"
"lavoie, matthew"
"gaab, nadine"
"granziera, cristina"
"stone, william"
"scheinman, pamela"
"kumar, sandeep"
"hackney, david"
"feany, mel"
"schmitt, william"
"johnson, paula"
"mccarthy, mary"
"kapur, tina"
"krzystolik, magdalena"
"guzman, raul"
"fedorov, andriy"
"schindler, jerald"
"boyd, christopher"
"boot, brendon"
"harper, david"
"haas, jennifer"
"michaud, gregory"
"hindle, allyson"
"schlozman, steven"
"coakley, rachael"
"tokuda, junichi"
"shnider, marc"
"silva, paolo"
"sherman, janet"
"lancaster, robert"
"bartels, tim"
"lin, samuel"
"jellinek, michael"
"phansalkar, shobha"
"schneider, benjamin"
"hayden, douglas"
"baicker, katherine"
"king, randall"
"schneeberger, eveline"
"paul, david"
"wachter, robert"
"schmults, chrysalyne"
"trofimov, alexei"
"bortfeld, thomas"
"mcdonald, douglas"
"cather, corinne"
"marshall, richard"
"drislane, frank"
"gliklich, richard"
"bono, christopher"
"greenstein, patricia"
"mcguire, kevin"
"faustman, denise"
"wood, kirkham"
"brodsky, gilbert"
"kelley, vicki"
"garcia-cardena, guillermo"
"dudley, jessica"
"nohria, anju"
"dominici, francesca"
"neuman, mark"
"brock, dan"
"anderson, john"
"herzog, andrew"
"kim, seoyoung"
"feldman, sarah"
"viswanath, kasisomayajula"
"epee-bounya, alexandra"
"manstein, dieter"
"silver, daniel"
"olbricht, suzanne"
"greenwald, jeffrey"
"kesselheim, aaron"
"wertheimer, michael"
"freeman, mason"
"white, laura"
"ferrone, soldano"
"krishnamurthy, kaarkuzhali"
"critchlow, jonathan"
"lee, sam"
"wu, peggy"
"commons, kathryn"
"cocchi, michael"
"blendon, robert"
"cho, charles"
"kang, james"
"eberlin, kyle"
"tulsky, james"
"gellis, stephen"
"khoshbin, shahram"
"dooling, elizabeth"
"somers, michael"
"schwarz, thomas"
"banzett, robert"
"hughes, robert"
"burns, james"
"peteet, john"
"white, kristin"
"chiang, vincent"
"schumacher, valerie"
"mccleary, nadine"
"schuemann, jan"
"paganetti, harald"
"takeuchi, masahiro"
"wei, lee-jen"
"sullivan, nancy"
"schwartz, carl"
"clardy, peter"
"mundel, peter"
"chen, xiqun"
"armstrong, elizabeth"
"krupat, edward"
"hirsh, david"
"ogur, barbara"
"fleisch, abby"
"bermas, bonnie"
"kazantsev, aleksey"
"knudsen, amy"
"skates, steven"
"boruta, david"
"schuler, john"
"tucker-seeley, reginald"
"fleisher, gary"
"kayden, stephanie"
"chen, zheng-yi"
"morse, william"
"pauker, susan"
"grant, aaron"
"morton-eggleston, emma"
"hait, elizabeth"
"taqueti, viviany"
"kohli, neeraj"
"schouten, ronald"
"tanasijevic, milenko"
"kooy, hanne"
"sectish, theodore"
"gao, hongwei"
"breen, elizabeth"
"berkowitz, lori"
"cin, paola"
"davis, irene"
"olds, jacqueline"
"ghosh, arundhati"
"seco, joao"
"haynes, harley"
"obermeyer, ziad"
"friedland, bernard"
"nelson, sandra"
"tadesse, mahlet"
"scott, r"
"gelfand, eli"
"leeman, david"
"greenberger, norton"
"seed, brian"
"krapivinsky, grigory"
"yan, catherine"
"yeh, wendy"
"desrosiers, ronald"
"chen, christopher"
"gori, francesca"
"balschi, james"
"fox, amanda"
"simeone, joseph"
"walsh, stephen"
"winey, brian"
"clasie, benjamin"
"flanz, jacob"
"willers, henning"
"klein, joshua"
"caradonna, david"
"gomoll, andreas"
"fitz, wolfgang"
"bellare, anuj"
"lopez, mary"
"borus, jonathan"
"tabb, kevin"
"donovan, abigail"
"sharp, gregory"
"bulyk, martha"
"warfield, carol"
"nelson, brett"
"solomon, caren"
"sullivan, william"
"martin, scott"
"yasuda, tsunehiro"
"edelman, elazer"
"hobbs, nedda"
"weisz, john"
"zhang, quan"
"chorev, michael"
"halperin, jose"
"bartz, deborah"
"bauer, andrea"
"swan, john"
"mangion, judy"
"mullen, alan"
"giallourakis, cosmas"
"goss, paul"
"mukai, shizuo"
"behforouz, heidi"
"mueller, nancy"
"moye, jennifer"
"mudgal, chaitanya"
"danziger, john"
"mattison, melissa"
"petersen, robert"
"nascimben, luigino"
"moyer, patricia"
"hata, nobuhiko"
"mullally, william"
"kloek, carolyn"
"grand, richard"
"dawson, steven"
"loewenstein, john"
"arroyo, jorge"
"gurrera, ronald"
"li, shaomin"
"wolfe, michael"
"hayes, frances"
"young-pearse, tracy"
"seo, ji"
"fried, ronna"
"sengupta, shiladitya"
"holtzman, david"
"dettmer, ulf"
"isacson, ole"
"mehra, mandeep"
"woo, tsung-ung"
"selman, robert"
"yialamas, maria"
"hentschel, dirk"
"sen, gita"
"senthilnathan, venkatachalam"
"hayakawa, kazuhide"
"dickey, chandlee"
"voglmaier, martina"
"lok, josephine"
"seldin, edward"
"novak, vera"
"navarro, victor"
"wang, xiaoying"
"davidoff, donald"
"forester, brent"
"cotman, susan"
"wheeler, vanessa"
"spencer, kevin"
"wolfe, jeremy"
"park, jin"
"vasudevan, anju"
"goldfinger, stephen"
"hagen, susan"
"shapiro, daniel"
"tsai, andy"
"selvaggi, kathy"
"zimmet, suzanna"
"kim, chun"
"lerner, adam"
"bennett, nancy"
"hanafy, khalid"
"craft, david"
"hillman, robert"
"ausiello, dennis"
"welch, charles"
"grad, yonatan"
"chiang, nan"
"spite, matthew"
"shafer, linda"
"chauhan, sunil"
"gelman, simon"
"lashkari, kameran"
"garkavtsev, igor"
"oh, kevin"
"ho, i-cheng"
"seymour, brittany"
"klawiter, eric"
"shaefer, jeffry"
"block, jason"
"sundel, robert"
"langevin, helene"
"carlson, karen"
"ackman, jeanne"
"fosburgh, blair"
"shah, pinak"
"olsen, bjorn"
"chen, dong"
"tannous, bakhos"
"laplante, debi"
"shaffer, howard"
"shane, howard"
"cockrill, barbara"
"albanese, mark"
"warner, jon"
"kumar, anand"
"silver, pamela"
"sheridan, alice"
"turalba, angela"
"kazlas, melanie"
"shook, douglas"
"gardiner, matthew"
"kuperwaser, mark"
"westra, sjirk"
"lawler, sean"
"mcdannold, nathan"
"panych, lawrence"
"come, patricia"
"mezzacappa, enrico"
"delling, francesca"
"maeda, takahiro"
"minichiello, william"
"nyer, maren"
"johnson, natasha"
"jueppner, harald"
"bastepe, murat"
"yeung, albert"
"oren-grinberg, achikam"
"cassano, paolo"
"kim, grace"
"kaczynski, karen"
"minster, anna"
"dechant, esther"
"friedman, lawrence"
"yaremchuk, michael"
"blinder, russell"
"gottlieb, gary"
"madore, bruno"
"yoo, seung-schik"
"choi, michael"
"meyer, fremonta"
"kim, hans"
"kriegel, gila"
"packard, alan"
"frank, markus"
"murphy, j"
"haack, monika"
"hawryluk, elena"
"munshi, medha"
"weinger, katie"
"croker, ben"
"nigrin, daniel"
"mullen, elizabeth"
"kasser, james"
"waters, peter"
"bae, donald"
"kim, young-jo"
"millis, michael"
"matheney, travis"
"erb, jane"
"oral, ebru"
"zieske, james"
"zarins, bertram"
"huang, qin"
"frelinger, andrew"
"glanz, morton"
"manor, bradley"
"javaras, kristin"
"johnson, richard"
"dimitroff, charles"
"kleinman, ronald"
"spack, norman"
"bass, joel"
"gold, joseph"
"vogeli, christine"
"tahan, steven"
"handin, robert"
"xerras, dean"
"egan, harwood"
"pasinski, roger"
"goldberg, howard"
"shusterman, stephen"
"zollei, lilla"
"kesselheim, jennifer"
"davies, kimberly"
"avillach, paul"
"mashimo, hiroshi"
"wolf, delia"
"thomas, jennifer"
"olson, kristian"
"nadkarni, seemantini"
"struhl, kevin"
"musen, gail"
"jacobson, alan"
"bolo, nicolas"
"nachtigall, lisa"
"swearingen, brooke"
"nagda, jyotsna"
"aner, musa"
"cherayil, bobby"
"nagai, shigemi"
"flaumenhaft, robert"
"benacerraf, beryl"
"mcloud, theresa"
"gill, jatinder"
"bierer, michael"
"nakatani, yoshihiro"
"nasr, viviane"
"bor, david"
"brusch, john"
"dharmadhikari, ashwin"
"siebert, uwe"
"nagler, joshua"
"krauss, baruch"
"vlassakov, kamen"
"vieira, rebecca"
"ay, ilknur"
"demokritou, philip"
"kimberly, william"
"gormley, william"
"freeman, roy"
"nelson, aaron"
"neel, victor"
"gilligan, christopher"
"sonis, andrew"
"sober, arthur"
"burnett, sherri-ann"
"okam, maureen"
"john, roy"
"vaccaro, bernardino"
"owens, robert"
"burke, thomas"
"vanrooyen, michael"
"benzer, theodore"
"clark, terrell"
"kammerer, betsy"
"kontos, nicholas"
"hochman, mary"
"nauta, russell"
"nelson, donald"
"nelson, kyle"
"neutra, marian"
"fung, vicki"
"garber, alan"
"thier, samuel"
"nethersole, shari"
"ng, man"
"ng, betty"
"kim, susan"
"bixby, sarah"
"anter, elad"
"mansbach, jonathan"
"kao, ann"
"ng, yin-shan"
"koo, sophia"
"stein, marion"
"donohoe, kevin"
"drews, reed"
"kassis, amin"
"hamilton, matthew"
"zygmanski, piotr"
"tong, yunjie"
"soberman, roy"
"yin, peng"
"hacker, fred"
"belkind-gerson, jaime"
"nikrui, najmosama"
"feinbloom, david"
"kirchhausen, tomas"
"kellogg, mark"
"matthews, john"
"chin, lee"
"huffman, jeffery"
"strle, klemen"
"italiano, joseph"
"nour, nawal"
"kruk, margaret"
"frumin, melissa"
"wible, cynthia"
"norman, dennis"
"sola-visner, martha"
"megason, sean"
"hoffmann, beatrice"
"notman, malkah"
"diouf, khady"
"wikler, daniel"
"delichatsios, helen"
"kaittanis, charalambos"
"yusufzai, timur"
"baggett, travis"
"freed, michael"
"keates, andrew"
"siedner, mark"
"yager, phoebe"
"bloomingdale, kerry"
"fisher, robert"
"marlink, richard"
"stein, michelle"
"hanage, william"
"lim, bing"
"stein, cynthia"
"jensen, john"
"smetana, gerald"
"peled, sharon"
"david, john"
"higgins, laurence"
"makrauer, frederick"
"koski, greg"
"pan, hong"
"sinclair, samuel"
"oaklander, anne"
"cahalane, michael"
"milne, leslie"
"oettinger, marjorie"
"oliver, l"
"gaufberg, elizabeth"
"cohen, pieter"
"li, yefu"
"gaudet, suzanne"
"marneros, alexander"
"mauney, joshua"
"patti, mary-elizabeth"
"spector, myron"
"earls, felton"
"lassar, andrew"
"dewhirst, floyd"
"tanner, anne"
"frankenthaler, robert"
"mallya, gopinath"
"zhang, xun"
"frankl, susan"
"gottlieb, barbara"
"mccarthy, claire"
"donaldson, magruder"
"starnbach, michael"
"siddiqi, omar"
"zhang, ying-yi"
"marci, carl"
"hechtman, herbert"
"ottensmeyer, mark"
"wolf, marshall"
"knipe, david"
"osser, david"
"mannick, john"
"osman, nora"
"harmon, william"
"gonzalez, wanda"
"oriol, nancy"
"sullivan, maryrose"
"valente, anne"
"keenan, hillary"
"ansari, arash"
"guadagnoli, edward"
"ahern, david"
"liebson, elizabeth"
"davison, kirsten"
"winau, florian"
"shinn, ann"
"du, fei"
"bar, moshe"
"grier, holcombe"
"stanton, robert"
"treadway, katharine"
"ozelius, laurie"
"gladyshev, vadim"
"mair, william"
"werdich, andreas"
"drazen, jeffrey"
"sweadner, kathleen"
"pal, soumitro"
"alterman, ron"
"kanaoka, yoshihide"
"docken, william"
"zeitels, steven"
"sromek, anna"
"ostovar, roya"
"wessels, michael"
"martin, tamara"
"zavacki, ann"
"palmer, christopher"
"butler, samantha"
"pajevic, paola"
"kojima, koji"
"vacanti, charles"
"valadez, joseph"
"pagano, christopher"
"gerweck, leo"
"goitein, michael"
"belfer, myron"
"pallotta, johanna"
"kodali, bhavani"
"kung, jong"
"epstein, jane"
"silbersweig, david"
"pardee, arthur"
"iglehart, james"
"papisov, mikhail"
"dorkin, henry"
"hennessey, james"
"kong, chung"
"doweiko, john"
"arle, jeffrey"
"yuan, zhi-min"
"duryea, jeffrey"
"kenet, tal"
"fleischman, amy"
"shen, lucy"
"sheen, jen"
"park, pyong"
"burstein, deborah"
"park, jin-ah"
"slack, frank"
"lecker, stewart"
"lu, hua"
"winston, fred"
"kilbridge, kerry"
"lee, jong"
"bei, marianna"
"brain, joseph"
"fedorenko, evelina"
"battelli, lorella"
"bunnell, craig"
"weiss, james"
"delori, francois"
"mcdonald, michael"
"heist, edwin"
"paster, bruce"
"patel, dinesh"
"grosskreutz, cynthia"
"torun, nurhan"
"paul, maureen"
"stashenko, philip"
"greenstein, scott"
"takahashi, kazue"
"chitilian, hovig"
"paulsson, johan"
"paunescu, teodor"
"goebel-fabbri, ann"
"fraenkel, paula"
"malek, sayeed"
"paydarfar, david"
"pecot, matthew"
"paulsen, randall"
"peeters-asdourian, christine"
"mccarthy, david"
"iverson, grant"
"peck, pamela"
"xie, dongping"
"perez, claudio"
"born, richard"
"khatri, ashok"
"mcauliffe, william"
"peralta, adelqui"
"wilson, celeste"
"pels, richard"
"fessenden, james"
"topor, david"
"pepple, john"
"kauffman, janice"
"leary, kimberlyn"
"brenner, barry"
"yeh, jing-ruey"
"vinck, patrick"
"pham, phuong"
"sheikh, aziz"
"lindsay, ana"
"buie, timothy"
"depace, angela"
"sims, nathaniel"
"petersen, kay"
"mcmahon, graham"
"grant, marianne"
"liu, yang-yu"
"walther, tobias"
"perron, catherine"
"joseph, jacob"
"geltman, paul"
"link, david"
"kotelchuck, milton"
"vitagliano, halyna"
"leaning, jennifer"
"dong, min"
"desai, sukumar"
"doherty, elizabeth"
"denman, william"
"battit, george"
"dougan, stephanie"
"kirshenbaum, james"
"desai, rajeev"
"bergman, jack"
"deuel, thomas"
"trenor, cameron"
"dorf, martin"
"demehri, shadmehr"
"miller, amy"
"dinh, thanh"
"woods, russell"
"delgutte, bertrand"
"chemali, zeina"
"caplan, david"
"hemenway, david"
"hoffman, brian"
"forman, sara"
"lemon, katherine"
"blumenthal, david"
"wong, wesley"
"shore, miles"
"sonis, stephen"
"li, xueyi"
"federman, daniel"
"drugowitsch, jan"
"zamani, amir"
"dvorin, jeffrey"
"duraisingh, manoj"
"dowling, john"
"duda, rosemary"
"hill, allan"
"akin, cem"
"dunn, peter"
"frerichs, kai"
"spencer, lisa"
"hochschild, ann"
"dunah, anthone"
"driscoll, daniel"
"eddington, donald"
"elion, elaine"
"isanaka, sheila"
"calzo, jerel"
"epstein, laurence"
"koplan, bruce"
"fried, shelley"
"eby, marla"
"yeh, john"
"simmons, barry"
"zuo, chun"
"durant, stephen"
"komaroff, anthony"
"colwell, amy"
"kinet, jean-pierre"
"durfee, sara"
"artzi, natalie"
"brown, rosalind"
"flanagan, john"
"hofer, aldebaran"
"horng, tiffany"
"geleoc, gwenaelle"
"holt, jeffrey"
"hogle, james"
"abbott, william"
"joshi, gagan"
"hauschka, peter"
"sheen, volney"
"canellos, george"
"arlotta, paola"
"george, edward"
"melcher, jennifer"
"heiman, maxwell"
"heman-ackah, selena"
"hammond, sarah"
"hedley-whyte, tessa"
"henry, sarah"
"herman, john"
"collins, jamie"
"benedetto, william"
"coen, donald"
"chen, chinfei"
"kerzner, leslie"
"liberthson, richard"
"takvorian, ronald"
"baum, michelle"
"hodgetts, kevin"
"hildebrandt, sabine"
"lindsay, robin"
"goodrich, lisa"
"lasic, morana"
"berretta, sabina"
"miao, ji"
"mankarious, leila"
"vandenberghe, luk"
"shore, benjamin"
"sloane, jacob"
"gudewicz, thomas"
"yen, yi-meng"
"riess, helen"
"spiegel, joan"
"daouk, ghaleb"
"hellerstein, susan"
"weinstein, debra"
"hedley-whyte, john"
"corey, david"
"westover, michael"
"goldberg, marcia"
"grocela, joseph"
"eliopoulos, george"
"marti, matthias"
"springer, timothy"
"shih, vivian"
"eisenstat, stephanie"
"spirn, paul"
"alfille, paul"
"mao, jianren"
"beckwith, jonathan"
"cunningham, james"
"castro, marcia"
"matzkin, elizabeth"
"lambert, michael"
"kramer, dennis"
"kobayashi, akio"
"hsiao, william"
"aliabadi, piran"
"hur, sun"
"zanarini, mary"
"kelly, susan"
"hsu, william"
"brunt, melanie"
"hou, runhua"
"huang, shu-ching"
"thatai, deepak"
"halpern, john"
"cho, kelly"
"choi-kain, lois"
"wu, carolyn"
"huang, huei-sheng"
"hundert, edward"
"hough, sigmund"
"yu, qing"
"dai, tianhong"
"klig, jean"
"eliassen, a"
"el-bardeesy, nabeel"
"fakhri, georges"
"york-best, carey"
"ritholz, marilyn"
"cady, blake"
"hsu, yi"
"smith, charles"
"weil, eric"
"chen, lucy"
"chen, lan"
"evans, conor"
"taubman, martin"
"cohen, george"
"chi, john"
"davidson, karen"
"catteruccia, flaminia"
"el-khoury, joseph"
"curran, marjorie"
"engelman, alan"
"ellis, b"
"engel, peter"
"langer, ana"
"faja, susan"
"fedulov, alexey"
"castillo, carlos"
"baum, janet"
"faherty, christina"
"barnett, g"
"etcoff, nancy"
"ferraro, mary"
"falk, william"
"malik, wasim"
"feinstein, david"
"cronin, jonathan"
"yao, wei-dong"
"teicher, martin"
"blum, richard"
"lake-bakaar, gerond"
"li, joseph"
"abbott, gerald"
"fernandez, leonor"
"farber, michaela"
"shusterman, suzanne"
"ishizawa, yumiko"
"thorndike, anne"
"wilson, rachel"
"camann, william"
"long, aidan"
"fanta, christopher"
"yunis, edmond"
"bhabha, jacqueline"
"kanki, phyllis"
"lai, florence"
"mcdonough, john"
"vermund, sten"
"finley, daniel"
"fontana, walter"
"fischer, eric"
"battinelli, elisabeth"
"fineberg, harvey"
"stippler, martina"
"fischer, josef"
"weinmann, maxwell"
"fraenkel, dan"
"hardin, charles"
"fleischmann, katharine"
"fiorentino, maria"
"fishman, martha"
"stolyar, arkadiy"
"lowenstein, edward"
"asgari, maryam"
"goldberg, alisa"
"warren, lisa"
"burleigh, barbara"
"kahn, michael"
"hassan, areej"
"hurley, christine"
"harris, sion"
"gaglia, jason"
"beutler, sascha"
"flint, eric"
"fischer, edwin"
"harper, wade"
"sheils, catherine"
"fewkes, jessica"
"centorrino, franca"
"dalal, akshay"
"sunder, neelakantan"
"aguirre, blaise"
"bern, elana"
"delbanco, thomas"
"do, michael"
"gilbertson, john"
"gustafson, michael"
"gabuzda, dana"
"gardella, thomas"
"kim, jayoung"
"gallucci, german"
"batalden, maren"
"ganis, giorgio"
"lyons, jennifer"
"freeman, esther"
"albrecht, mary"
"tenforde, adam"
"gardner, steven"
"livingstone, margaret"
"mckenna, shannon"
"zhu, zhenglun"
"mannstadt, michael"
"griswold, todd"
"shtasel, derri"
"stafford, diane"
"campo, rafael"
"mehta, sanjeev"
"wright, douglas"
"wakeman, sarah"
"giddon, donald"
"strewler, gordon"
"dohlman, lena"
"kitts, robert"
"bedair, hany"
"videnovic, aleksandar"
"aziz-sultan, mohammad"
"atkins, katharyn"
"garrity, michael"
"ghosh, partha"
"godlewski, jakub"
"goorin, allen"
"argueso, pablo"
"gehrke, lee"
"gilkey, melissa"
"thomas, sheila"
"goetinck, paul"
"handy, diane"
"swartz, stephen"
"gobel, verena"
"aldovini, anna"
"thatte, hemant"
"shapiro, debra"
"strecker, robert"
"gregory-ksander, meredith"
"ivanov, pavel"
"colaiacovo, monica"
"glotzer, deborah"
"knight, john"
"batista, facundo"
"meyer, jack"
"subramaniam, meera"
"solomon, mildred"
"glick, thomas"
"hansen, kasper"
"gibbons, patricia"
"basheer, radhika"
"hyun, hyewon"
"slavin, peter"
"gibson, c."
"alonso, carolyn"
"kreiman, gabriel"
"goldman, peter"
"graham, camilla"
"kleinman, arthur"
"good, byron"
"goldenberg, paula"
"gordon, susan"
"goroll, allan"
"graef, john"
"burchett, sandra"
"whitman, malcolm"
"goldfield, eugene"
"tsai, chu-lin"
"goodson, john"
"good, mary-jo"
"gonzalez, peter"
"goldman, beth"
"hallett, penelope"
"goldberg, irving"
"goodman, howard"
"wolff, peter"
"goodwin, gregory"
"bullon, antonio"
"grant, p."
"kushak, rafail"
"ingelfinger, julie"
"wharff, elizabeth"
"mancuso, thomas"
"cranmer, hilarie"
"shapiro, jo"
"kovatsis, pete"
"wang, xinyu"
"gross, peter"
"greer, eric"
"habener, joel"
"groopman, jerome"
"gurewich, victor"
"gross, wendy"
"hadlock, theresa"
"gruber, amanda"
"bernstein, jane"
"klein, allon"
"crocker, jonathan"
"katz, howard"
"cowan, christopher"
"tan, andy"
"zhou, jin-rong"
"greenough, paul"
"alkalay, ron"
"guralnick, walter"
"lyatskaya, yulia"
"white, phillip"
"greco, christine"
"hamel, mary"
"harvey, christopher"
"hartley, l"
"harwell, corey"
"harlow, edward"
"spealman, roger"
"tang, shiow-shih"
"loo, timothy"
"aktas, bertal"
"hatem, charles"
"hauer, julie"
"hay, donald"
"solo, victor"
"zanger, kerstin"
"hartzband, pamela"
"kimball, william"
"harper, gordon"
"hall, ferris"
"hanley, lauren"
"burgin, susan"
"halasz, ildiko"
"jimerson, david"
"kharasch, virginia"
"merfeld, daniel"
"levendusky, philip"
"lekowski, robert"
"leguern, christian"
"leissner, kay"
"lees, robert"
"lew, edward"
"chinnapen, daniel"
"streckenbach, scott"
"yeh, sunu"
"lin, zhicheng"
"little, john"
"lingwood, daniel"
"vykhodtseva, natalia"
"zhou, yunli"
"lim, chun"
"johnson, cynthia"
"basilico, frederick"
"jean-baptiste, marie-louise"
"kocsis, bernat"
"bajic, dusica"
"liu, xiaole"
"andermann, mark"
"sicinski, peter"
"tishler, lori"
"cook, benjamin"
"lipsitt, don"
"andersen, susan"
"ashbaugh, cameron"
"maestas, nicole"
"bromley, shannon"
"luo, gang"
"stracciolini, andrea"
"mackenzie, malcolm"
"burns, caroline"
"maktabi, mazen"
"manning, mary"
"xin, winnie"
"badr, christian"
"mansfield, joan"
"mallur, pavan"
"mansfield, frederick"
"mashhoon, yasmin"
"zientara, gary"
"kumar, sanjaya"
"wolbrink, traci"
"zhou, xiao"
"macnow, laura"
"jakobs, tatjana"
"mcardle, colin"
"yeo, chang-yeol"
"kalinchuk, anna"
"wu, xu"
"marks, stephen"
"tracy, erin"
"margolis, henry"
"koniaris, anastasia"
"brown, ritchie"
"mckenna, james"
"cairns, john"
"kennedy, maura"
"mccabe, joseph"
"martin, maurice"
"marie, mohammed"
"mccann, mary"
"wiener-kronish, jeanine"
"martyn, j"
"margulies, alfred"
"mantagos, jason"
"mchugh, rebecca"
"mckenna, kristine"
"mcconnell, margaret"
"charness, michael"
"kirdar, jamil"
"stamoulis, caterina"
"menninger, eliza"
"berman, peter"
"thomsen, morgane"
"shapiro, fred"
"lu, chafen"
"lu, kwok-tung"
"yang, yingzi"
"li, yingwei"
"wu, chao-ting"
"lachenauer, catherine"
"iorio, matthew"
"viapiano, mariano"
"stoto, michael"
"lee, tae"
"butler, nicholas"
"whited, jessica"
"hyman, steven"
"xiong, jian-ping"
"welch, kathleen"
"landsman, adam"
"joung, jae"
"co, john"
"lau, agnes"
"zanoni, ivan"
"kahn, c."
"sonntag, kai-christian"
"chin, rebecca"
"chung, sangmi"
"kim, chun-hyung"
"kasper, jennifer"
"kane-wanger, gwendolyn"
"kangas, brian"
"kaplan, cynthia"
"kane, nancy"
"kannam, joseph"
"karnovsky, morris"
"kennedy, scott"
"landrum, mary"
"chopra, sanjiv"
"smith, joan"
"kehoe, laura"
"kaufman, gail"
"kazemi, homayoun"
"keefer, constance"
"ketten, darlene"
"keutmann, henry"
"dawson, david"
"kim, doo"
"brockmeyer, diane"
"krawczyk, walter"
"kistler, j"
"koehler, julia"
"knapp, robert"
"wang, frederick"
"jain, nitya"
"abraham, melissa"
"kitz, richard"
"bender, welcome"
"yuan, guocheng"
"astor, todd"
"kinane, thomas"
"carabuena, jean"
"sun, lijun"
"chen, hongtu"
"danik, jacqueline"
"wahren-herlenius, marie"
"kravitz, edward"
"braver, john"
"janett, robert"
"smith, clyde"
"krakauer, eric"
"kraft, phillip"
"kwasnik, edward"
"woo, elaine"
"kunze, lisa"
"steinbrook, richard"
"bender, suzanne"
"koven, suzanne"
"larsen, philip"
"larovere, joan"
"lange, nick"
"leckie, robert"
"zucker, marcia"
"burns, michael"
"burgess, william"
"burke, louis"
"castells, maria"
"ciccarese, paolo"
"churchwell, kevin"
"choudhary, amit"
"carter, katharine"
"alper, chester"
"szostak, jack"
"choi, hak"
"alikhani, mani"
"ali, hassan"
"aerts, hugo"
"baggett, meridale"
"carbone, lisa"
"tishler, peter"
"carlezon, william"
"shen, erxia"
"carter, j."
"wray, shirley"
"carmody, matthew"
"casta, alfonso"
"debros, frederic"
"catlin, elizabeth"
"wang, marvin"
"apiou, gabriela"
"anthony, todd"
"wheeler, thurman"
"yang, weina"
"tan, can"
"anderson, everett"
"antoon, alia"
"cheng, hsinlin"
"chin, william"
"chinman, gary"
"cohen, stephen"
"coles, robert"
"conn, alasdair"
"collier, r."
"craft, april"
"correia, john"
"balu, darrick"
"das, anurag"
"cusick, paul"
"daniel, jessica"
"crossley, lisa"
"silva, john"
"datta, sandeep"
"wu, xiangmei"
"silva, nicolas"
"auld, david"
"athanasoulis, christos"
"soltoff, stephen"
"ayoub, catherine"
"bailey, edward"
"becker, theresa"
"tarazi, frank"
"ayata, gamze"
"bartick, melissa"
"barreira, paul"
"bassuk, ellen"
"barnes, henrietta"
"barry, alan"
"wilker, richard"
"barron, ruth"
"barshak, miriam"
"beckett, william"
"beglova, natalia"
"bedoya, carlos"
"bengtson, joan"
"berman, rebecca"
"bernhard, william"
"bernad, jorge"
"bigby, michael"
"wang, katherine"
"bird, suzanne"
"bjorgvinsson, throstur"
"birjiniuk, vladimir"
"bird, stephanie"
"bloch, kurt"
"boppana, suresh"
"boyce, frederick"
"bowers, alexandra"
"brown, herbert"
"brandt, allan"
"slovik, david"
"brown, calvin"
"brown, m."
"bruch, jean"
"wellman, david"
"burns, charles"
"burgeson, robert"
"caine, simon"
"singer, jayne"
"ackerman, robert"
"ackerman, marc"
"sharma, g."
"shannon, daniel"
"steer, michael"
"stefanovich, peter"
"steinhoff, mark"
"stevenson, mary"
"stone, alan"
"stein-streilein, joan"
"stoeckle, john"
"subramanian, sankaran"
"sugarman, jonathan"
"yalla, subbarao"
"talamo, jonathan"
"tang, zhonglin"
"tachado, souvenir"
"tang, sai"
"tan, heng"
"szymanski, ludwik"
"winkelman, james"
"taylor, j."
"telingator, cynthia"
"thompson, b."
"thibault, george"
"tishelman, amy"
"toppelberg, claudio"
"trier, jerry"
"tsao, sandy"
"vasile, russell"
"allen, eliezer"
"vacanti, francis"
"vannicelli, marsha"
"shepherd, kenneth"
"shein, david"
"melo, marcos"
"victor, karen"
"walker, w."
"wan, qijun"
"zhang, weifang"
"wegman, david"
"shonkoff, jack"
"xiong, zhiling"
"yang, huazhe"
"yando, regina"
"shortsleeve, michael"
"zinner, stephen"
"zibrak, joseph"
"silvestri, ronald"
"silbert, jeremiah"
"silva, bernardo"
"sillman, jane"
"simon, bennett"
"gelda, steven"
"simon, harvey"
"skillman, john"
"simone-skidmore, mark"
"skarf, lara"
"son, mary"
"soto, oscar"
"sparrow, joshua"
